TRIAL,SCORE,WEIGHT,THRESHOLD,PARAMS
0,0.79708,0.035,0.639,"{'max_depth': 6, 'n_estimators': 300, 'learning_rate': 0.09827126806210515, 'subsample': 0.6954755680490904, 'colsample_bytree': 0.7801598141841772, 'tree_method': 'hist', 'device': 'cuda', 'random_state': 42, 'verbosity': 0}"
1,0.81203,0.251,0.452,"{'max_depth': 5, 'n_estimators': 1500, 'learning_rate': 0.0421035380911376, 'subsample': 0.8848941617650019, 'colsample_bytree': 0.8407034352275243, 'tree_method': 'hist', 'device': 'cuda', 'random_state': 42, 'verbosity': 0}"
2,0.80812,0.413,0.397,"{'max_depth': 6, 'n_estimators': 1200, 'learning_rate': 0.013272956544854551, 'subsample': 0.9462999892862785, 'colsample_bytree': 0.784172597727117, 'tree_method': 'hist', 'device': 'cuda', 'random_state': 42, 'verbosity': 0}"
3,0.80433,0.834,0.432,"{'max_depth': 6, 'n_estimators': 500, 'learning_rate': 0.057108252774849225, 'subsample': 0.7756829997633642, 'colsample_bytree': 0.7192754864345796, 'tree_method': 'hist', 'device': 'cuda', 'random_state': 42, 'verbosity': 0}"
4,0.80294,0.873,0.591,"{'max_depth': 3, 'n_estimators': 500, 'learning_rate': 0.031756011545207324, 'subsample': 0.6442877395269034, 'colsample_bytree': 0.7028635142355054, 'tree_method': 'hist', 'device': 'cuda', 'random_state': 42, 'verbosity': 0}"
5,0.81019,0.530,0.449,"{'max_depth': 5, 'n_estimators': 300, 'learning_rate': 0.015490027617800162, 'subsample': 0.8962747091174823, 'colsample_bytree': 0.872537074975324, 'tree_method': 'hist', 'device': 'cuda', 'random_state': 42, 'verbosity': 0}"
6,0.80294,0.085,0.590,"{'max_depth': 5, 'n_estimators': 500, 'learning_rate': 0.04337981388848624, 'subsample': 0.7796788575831493, 'colsample_bytree': 0.6842626742157762, 'tree_method': 'hist', 'device': 'cuda', 'random_state': 42, 'verbosity': 0}"
7,0.81445,0.172,0.484,"{'max_depth': 6, 'n_estimators': 1200, 'learning_rate': 0.025807217556115924, 'subsample': 0.6918158542615065, 'colsample_bytree': 0.8979514098318835, 'tree_method': 'hist', 'device': 'cuda', 'random_state': 42, 'verbosity': 0}"
8,0.80709,0.045,0.412,"{'max_depth': 5, 'n_estimators': 300, 'learning_rate': 0.0683695866528751, 'subsample': 0.9290154576385667, 'colsample_bytree': 0.8255437911802075, 'tree_method': 'hist', 'device': 'cuda', 'random_state': 42, 'verbosity': 0}"
9,0.81238,0.067,0.539,"{'max_depth': 6, 'n_estimators': 1000, 'learning_rate': 0.01466886683702683, 'subsample': 0.6506716221627254, 'colsample_bytree': 0.6445727335154733, 'tree_method': 'hist', 'device': 'cuda', 'random_state': 42, 'verbosity': 0}"
10,0.79903,0.612,0.354,"{'max_depth': 3, 'n_estimators': 1200, 'learning_rate': 0.019491386085497792, 'subsample': 0.711785982240205, 'colsample_bytree': 0.9821050792897983, 'tree_method': 'hist', 'device': 'cuda', 'random_state': 42, 'verbosity': 0}"
11,0.81341,0.232,0.519,"{'max_depth': 6, 'n_estimators': 1000, 'learning_rate': 0.021688386277215616, 'subsample': 0.6124566324548403, 'colsample_bytree': 0.6090798776028706, 'tree_method': 'hist', 'device': 'cuda', 'random_state': 42, 'verbosity': 0}"
12,0.81272,0.291,0.510,"{'max_depth': 6, 'n_estimators': 1000, 'learning_rate': 0.0230678476329061, 'subsample': 0.6022840244837833, 'colsample_bytree': 0.9540866515051025, 'tree_method': 'hist', 'device': 'cuda', 'random_state': 42, 'verbosity': 0}"
13,0.81318,0.256,0.494,"{'max_depth': 6, 'n_estimators': 1000, 'learning_rate': 0.026092644522730656, 'subsample': 0.7214847067347743, 'colsample_bytree': 0.9200023955398937, 'tree_method': 'hist', 'device': 'cuda', 'random_state': 42, 'verbosity': 0}"
14,0.80950,0.381,0.542,"{'max_depth': 6, 'n_estimators': 1200, 'learning_rate': 0.02970023491070647, 'subsample': 0.6096000492744179, 'colsample_bytree': 0.8986315253510426, 'tree_method': 'hist', 'device': 'cuda', 'random_state': 42, 'verbosity': 0}"
15,0.81353,0.175,0.493,"{'max_depth': 6, 'n_estimators': 1500, 'learning_rate': 0.01894557967334078, 'subsample': 0.6686231790406965, 'colsample_bytree': 0.644258338488422, 'tree_method': 'hist', 'device': 'cuda', 'random_state': 42, 'verbosity': 0}"
16,0.80755,0.645,0.478,"{'max_depth': 3, 'n_estimators': 1500, 'learning_rate': 0.01005647572546019, 'subsample': 0.8210049654420959, 'colsample_bytree': 0.7543682606857091, 'tree_method': 'hist', 'device': 'cuda', 'random_state': 42, 'verbosity': 0}"
17,0.80628,0.165,0.572,"{'max_depth': 6, 'n_estimators': 1500, 'learning_rate': 0.017869113967334937, 'subsample': 0.743866179491215, 'colsample_bytree': 0.8586723086384557, 'tree_method': 'hist', 'device': 'cuda', 'random_state': 42, 'verbosity': 0}"
18,0.81134,0.389,0.474,"{'max_depth': 6, 'n_estimators': 1500, 'learning_rate': 0.03718644130202907, 'subsample': 0.6785542910879666, 'colsample_bytree': 0.9384561988230729, 'tree_method': 'hist', 'device': 'cuda', 'random_state': 42, 'verbosity': 0}"
19,0.79501,0.975,0.374,"{'max_depth': 3, 'n_estimators': 1200, 'learning_rate': 0.013251650231191788, 'subsample': 0.8269620979959553, 'colsample_bytree': 0.6049930500965093, 'tree_method': 'hist', 'device': 'cuda', 'random_state': 42, 'verbosity': 0}"
20,0.79662,0.155,0.638,"{'max_depth': 6, 'n_estimators': 1500, 'learning_rate': 0.010736900246930496, 'subsample': 0.653763714332297, 'colsample_bytree': 0.6663893564955424, 'tree_method': 'hist', 'device': 'cuda', 'random_state': 42, 'verbosity': 0}"
21,0.81295,0.184,0.508,"{'max_depth': 6, 'n_estimators': 1000, 'learning_rate': 0.021798086373548155, 'subsample': 0.6368889198443312, 'colsample_bytree': 0.6014629078352938, 'tree_method': 'hist', 'device': 'cuda', 'random_state': 42, 'verbosity': 0}"
22,0.81008,0.312,0.541,"{'max_depth': 6, 'n_estimators': 1000, 'learning_rate': 0.025352234175957934, 'subsample': 0.9881884062092108, 'colsample_bytree': 0.6396579603854793, 'tree_method': 'hist', 'device': 'cuda', 'random_state': 42, 'verbosity': 0}"
23,0.81272,0.155,0.522,"{'max_depth': 6, 'n_estimators': 1200, 'learning_rate': 0.019868422898992513, 'subsample': 0.6801494322299017, 'colsample_bytree': 0.7338078721937837, 'tree_method': 'hist', 'device': 'cuda', 'random_state': 42, 'verbosity': 0}"
24,0.81157,0.535,0.467,"{'max_depth': 6, 'n_estimators': 1500, 'learning_rate': 0.017135314874350754, 'subsample': 0.7449787920793896, 'colsample_bytree': 0.6408065381926672, 'tree_method': 'hist', 'device': 'cuda', 'random_state': 42, 'verbosity': 0}"
25,0.80674,0.447,0.567,"{'max_depth': 6, 'n_estimators': 1000, 'learning_rate': 0.030665620655104617, 'subsample': 0.6170850847261301, 'colsample_bytree': 0.8164639553616266, 'tree_method': 'hist', 'device': 'cuda', 'random_state': 42, 'verbosity': 0}"
26,0.81272,0.233,0.485,"{'max_depth': 6, 'n_estimators': 1200, 'learning_rate': 0.024998662288488644, 'subsample': 0.6712371453965325, 'colsample_bytree': 0.99289469766373, 'tree_method': 'hist', 'device': 'cuda', 'random_state': 42, 'verbosity': 0}"
27,0.80996,0.003,0.434,"{'max_depth': 6, 'n_estimators': 1200, 'learning_rate': 0.03778407677067029, 'subsample': 0.7248414035348775, 'colsample_bytree': 0.6763489616289995, 'tree_method': 'hist', 'device': 'cuda', 'random_state': 42, 'verbosity': 0}"
28,0.81249,0.323,0.523,"{'max_depth': 3, 'n_estimators': 1500, 'learning_rate': 0.012479866783622423, 'subsample': 0.6335959956236789, 'colsample_bytree': 0.6193410265457012, 'tree_method': 'hist', 'device': 'cuda', 'random_state': 42, 'verbosity': 0}"
29,0.79581,0.119,0.640,"{'max_depth': 5, 'n_estimators': 300, 'learning_rate': 0.08430716613720328, 'subsample': 0.693025184615988, 'colsample_bytree': 0.778839662565788, 'tree_method': 'hist', 'device': 'cuda', 'random_state': 42, 'verbosity': 0}"
30,0.80847,0.207,0.562,"{'max_depth': 6, 'n_estimators': 1000, 'learning_rate': 0.05265835196282496, 'subsample': 0.7586010781648125, 'colsample_bytree': 0.8841403795280506, 'tree_method': 'hist', 'device': 'cuda', 'random_state': 42, 'verbosity': 0}"
31,0.81353,0.255,0.499,"{'max_depth': 6, 'n_estimators': 1000, 'learning_rate': 0.02711443280880125, 'subsample': 0.7136332520238605, 'colsample_bytree': 0.9184171371318836, 'tree_method': 'hist', 'device': 'cuda', 'random_state': 42, 'verbosity': 0}"
32,0.81226,0.336,0.497,"{'max_depth': 6, 'n_estimators': 1000, 'learning_rate': 0.028182354954557252, 'subsample': 0.7017895585133108, 'colsample_bytree': 0.9097447617267826, 'tree_method': 'hist', 'device': 'cuda', 'random_state': 42, 'verbosity': 0}"
33,0.81272,0.248,0.464,"{'max_depth': 6, 'n_estimators': 1000, 'learning_rate': 0.02035065642301988, 'subsample': 0.6638006750265213, 'colsample_bytree': 0.8596502291043585, 'tree_method': 'hist', 'device': 'cuda', 'random_state': 42, 'verbosity': 0}"
34,0.81111,0.104,0.449,"{'max_depth': 6, 'n_estimators': 1000, 'learning_rate': 0.03628789465380656, 'subsample': 0.6280311964201791, 'colsample_bytree': 0.9535415642592997, 'tree_method': 'hist', 'device': 'cuda', 'random_state': 42, 'verbosity': 0}"
35,0.81318,0.432,0.509,"{'max_depth': 6, 'n_estimators': 500, 'learning_rate': 0.023190560532966857, 'subsample': 0.6873274350717392, 'colsample_bytree': 0.7822593134295848, 'tree_method': 'hist', 'device': 'cuda', 'random_state': 42, 'verbosity': 0}"
36,0.80766,0.009,0.423,"{'max_depth': 5, 'n_estimators': 300, 'learning_rate': 0.01669011963599405, 'subsample': 0.8534486322882169, 'colsample_bytree': 0.8388934044096881, 'tree_method': 'hist', 'device': 'cuda', 'random_state': 42, 'verbosity': 0}"
37,0.80812,0.489,0.525,"{'max_depth': 6, 'n_estimators': 1500, 'learning_rate': 0.04481967677340848, 'subsample': 0.7899150212958437, 'colsample_bytree': 0.7098836987520823, 'tree_method': 'hist', 'device': 'cuda', 'random_state': 42, 'verbosity': 0}"
38,0.81261,0.265,0.443,"{'max_depth': 6, 'n_estimators': 500, 'learning_rate': 0.03366842179578155, 'subsample': 0.7299290865982386, 'colsample_bytree': 0.7449932310983212, 'tree_method': 'hist', 'device': 'cuda', 'random_state': 42, 'verbosity': 0}"
39,0.81215,0.126,0.463,"{'max_depth': 5, 'n_estimators': 1200, 'learning_rate': 0.01484511999572548, 'subsample': 0.6522662781690892, 'colsample_bytree': 0.8025549897608184, 'tree_method': 'hist', 'device': 'cuda', 'random_state': 42, 'verbosity': 0}"
40,0.80674,0.207,0.397,"{'max_depth': 3, 'n_estimators': 1000, 'learning_rate': 0.02646913562674281, 'subsample': 0.7640136813042986, 'colsample_bytree': 0.6915462344906153, 'tree_method': 'hist', 'device': 'cuda', 'random_state': 42, 'verbosity': 0}"
41,0.81134,0.355,0.496,"{'max_depth': 6, 'n_estimators': 1000, 'learning_rate': 0.021657058356268535, 'subsample': 0.7219495211541052, 'colsample_bytree': 0.9217782050058114, 'tree_method': 'hist', 'device': 'cuda', 'random_state': 42, 'verbosity': 0}"
42,0.81272,0.272,0.491,"{'max_depth': 6, 'n_estimators': 1000, 'learning_rate': 0.02758521141871416, 'subsample': 0.7039412055732831, 'colsample_bytree': 0.93152981971572, 'tree_method': 'hist', 'device': 'cuda', 'random_state': 42, 'verbosity': 0}"
43,0.80893,0.083,0.551,"{'max_depth': 6, 'n_estimators': 1000, 'learning_rate': 0.03210153677883707, 'subsample': 0.6682041334106499, 'colsample_bytree': 0.8940601912665119, 'tree_method': 'hist', 'device': 'cuda', 'random_state': 42, 'verbosity': 0}"
44,0.81364,0.226,0.483,"{'max_depth': 6, 'n_estimators': 1000, 'learning_rate': 0.01911766609940615, 'subsample': 0.6002038469424511, 'colsample_bytree': 0.969632135953359, 'tree_method': 'hist', 'device': 'cuda', 'random_state': 42, 'verbosity': 0}"
45,0.80904,0.724,0.525,"{'max_depth': 6, 'n_estimators': 300, 'learning_rate': 0.017675975393927932, 'subsample': 0.6003858418015577, 'colsample_bytree': 0.9647459643549341, 'tree_method': 'hist', 'device': 'cuda', 'random_state': 42, 'verbosity': 0}"
46,0.81353,0.057,0.478,"{'max_depth': 6, 'n_estimators': 500, 'learning_rate': 0.01892569014774086, 'subsample': 0.6190041684225694, 'colsample_bytree': 0.9777205189836073, 'tree_method': 'hist', 'device': 'cuda', 'random_state': 42, 'verbosity': 0}"
47,0.81203,0.053,0.458,"{'max_depth': 5, 'n_estimators': 500, 'learning_rate': 0.018821847334070243, 'subsample': 0.6218059769168169, 'colsample_bytree': 0.9779215372126361, 'tree_method': 'hist', 'device': 'cuda', 'random_state': 42, 'verbosity': 0}"
48,0.81376,0.046,0.481,"{'max_depth': 6, 'n_estimators': 500, 'learning_rate': 0.015641234699389737, 'subsample': 0.6470471895332991, 'colsample_bytree': 0.9667655442957036, 'tree_method': 'hist', 'device': 'cuda', 'random_state': 42, 'verbosity': 0}"
49,0.81330,0.112,0.476,"{'max_depth': 6, 'n_estimators': 500, 'learning_rate': 0.015046548650208671, 'subsample': 0.637479035709525, 'colsample_bytree': 0.9526440891546069, 'tree_method': 'hist', 'device': 'cuda', 'random_state': 42, 'verbosity': 0}"
50,0.80732,0.172,0.412,"{'max_depth': 3, 'n_estimators': 500, 'learning_rate': 0.016067580660013066, 'subsample': 0.65529495591409, 'colsample_bytree': 0.995992247724998, 'tree_method': 'hist', 'device': 'cuda', 'random_state': 42, 'verbosity': 0}"
51,0.81318,0.057,0.482,"{'max_depth': 6, 'n_estimators': 500, 'learning_rate': 0.01880141280815511, 'subsample': 0.6212795626747417, 'colsample_bytree': 0.9734509754926041, 'tree_method': 'hist', 'device': 'cuda', 'random_state': 42, 'verbosity': 0}"
52,0.81399,0.030,0.507,"{'max_depth': 6, 'n_estimators': 500, 'learning_rate': 0.01359490372613277, 'subsample': 0.655865812665369, 'colsample_bytree': 0.9380719318465903, 'tree_method': 'hist', 'device': 'cuda', 'random_state': 42, 'verbosity': 0}"
53,0.81341,0.003,0.503,"{'max_depth': 6, 'n_estimators': 500, 'learning_rate': 0.011928702804759217, 'subsample': 0.6890715973120551, 'colsample_bytree': 0.9386994338850516, 'tree_method': 'hist', 'device': 'cuda', 'random_state': 42, 'verbosity': 0}"
54,0.81537,0.136,0.514,"{'max_depth': 6, 'n_estimators': 500, 'learning_rate': 0.013709567880640783, 'subsample': 0.6451722001318358, 'colsample_bytree': 0.9096580777905136, 'tree_method': 'hist', 'device': 'cuda', 'random_state': 42, 'verbosity': 0}"
55,0.81318,0.134,0.535,"{'max_depth': 6, 'n_estimators': 500, 'learning_rate': 0.013930876202626123, 'subsample': 0.6424933874549881, 'colsample_bytree': 0.9038202751746758, 'tree_method': 'hist', 'device': 'cuda', 'random_state': 42, 'verbosity': 0}"
56,0.80306,0.092,0.592,"{'max_depth': 6, 'n_estimators': 500, 'learning_rate': 0.01108404223145953, 'subsample': 0.663576695012098, 'colsample_bytree': 0.8812357921394034, 'tree_method': 'hist', 'device': 'cuda', 'random_state': 42, 'verbosity': 0}"
57,0.81410,0.192,0.515,"{'max_depth': 6, 'n_estimators': 500, 'learning_rate': 0.013905169058097083, 'subsample': 0.6041151552176116, 'colsample_bytree': 0.9463280960575872, 'tree_method': 'hist', 'device': 'cuda', 'random_state': 42, 'verbosity': 0}"
58,0.81410,0.204,0.516,"{'max_depth': 6, 'n_estimators': 500, 'learning_rate': 0.013761678465506471, 'subsample': 0.6032508801488059, 'colsample_bytree': 0.938587000178391, 'tree_method': 'hist', 'device': 'cuda', 'random_state': 42, 'verbosity': 0}"
59,0.81422,0.193,0.515,"{'max_depth': 6, 'n_estimators': 500, 'learning_rate': 0.012591698143425758, 'subsample': 0.6414116206772553, 'colsample_bytree': 0.9424936561407661, 'tree_method': 'hist', 'device': 'cuda', 'random_state': 42, 'verbosity': 0}"
60,0.80962,0.191,0.550,"{'max_depth': 6, 'n_estimators': 500, 'learning_rate': 0.013097518153105524, 'subsample': 0.6118153024008385, 'colsample_bytree': 0.9388067820761317, 'tree_method': 'hist', 'device': 'cuda', 'random_state': 42, 'verbosity': 0}"
61,0.81514,0.026,0.514,"{'max_depth': 6, 'n_estimators': 500, 'learning_rate': 0.011583394029974381, 'subsample': 0.6461502227784313, 'colsample_bytree': 0.9564151993938022, 'tree_method': 'hist', 'device': 'cuda', 'random_state': 42, 'verbosity': 0}"
62,0.81456,0.150,0.514,"{'max_depth': 6, 'n_estimators': 500, 'learning_rate': 0.01146635351004445, 'subsample': 0.6298843383291484, 'colsample_bytree': 0.9462712299043471, 'tree_method': 'hist', 'device': 'cuda', 'random_state': 42, 'verbosity': 0}"
63,0.81295,0.126,0.532,"{'max_depth': 6, 'n_estimators': 500, 'learning_rate': 0.011496489804601592, 'subsample': 0.6372755024814117, 'colsample_bytree': 0.951507333244851, 'tree_method': 'hist', 'device': 'cuda', 'random_state': 42, 'verbosity': 0}"
64,0.81341,0.304,0.516,"{'max_depth': 6, 'n_estimators': 500, 'learning_rate': 0.010128367049661687, 'subsample': 0.6277402597977243, 'colsample_bytree': 0.922259531320217, 'tree_method': 'hist', 'device': 'cuda', 'random_state': 42, 'verbosity': 0}"
65,0.81134,0.148,0.549,"{'max_depth': 3, 'n_estimators': 500, 'learning_rate': 0.012325583653054336, 'subsample': 0.608303526714247, 'colsample_bytree': 0.8908889193043612, 'tree_method': 'hist', 'device': 'cuda', 'random_state': 42, 'verbosity': 0}"
66,0.80628,0.207,0.581,"{'max_depth': 6, 'n_estimators': 500, 'learning_rate': 0.010758879524864068, 'subsample': 0.6774158532642099, 'colsample_bytree': 0.9094479360839631, 'tree_method': 'hist', 'device': 'cuda', 'random_state': 42, 'verbosity': 0}"
67,0.81433,0.164,0.517,"{'max_depth': 6, 'n_estimators': 1200, 'learning_rate': 0.012963273178399959, 'subsample': 0.6330824402048346, 'colsample_bytree': 0.8687570343081776, 'tree_method': 'hist', 'device': 'cuda', 'random_state': 42, 'verbosity': 0}"
68,0.81238,0.082,0.531,"{'max_depth': 5, 'n_estimators': 1200, 'learning_rate': 0.012835657418487335, 'subsample': 0.6418000331435294, 'colsample_bytree': 0.8722927404521404, 'tree_method': 'hist', 'device': 'cuda', 'random_state': 42, 'verbosity': 0}"
69,0.81468,0.181,0.514,"{'max_depth': 6, 'n_estimators': 1200, 'learning_rate': 0.0117107447777463, 'subsample': 0.9360645870196205, 'colsample_bytree': 0.8403373745197437, 'tree_method': 'hist', 'device': 'cuda', 'random_state': 42, 'verbosity': 0}"
70,0.81100,0.164,0.543,"{'max_depth': 6, 'n_estimators': 1200, 'learning_rate': 0.010031031508110319, 'subsample': 0.9338658299368586, 'colsample_bytree': 0.8435192025211949, 'tree_method': 'hist', 'device': 'cuda', 'random_state': 42, 'verbosity': 0}"
71,0.81399,0.149,0.511,"{'max_depth': 6, 'n_estimators': 1200, 'learning_rate': 0.011592926471202662, 'subsample': 0.8938874942553492, 'colsample_bytree': 0.8709266110737132, 'tree_method': 'hist', 'device': 'cuda', 'random_state': 42, 'verbosity': 0}"
72,0.81318,0.295,0.490,"{'max_depth': 6, 'n_estimators': 1200, 'learning_rate': 0.014414457965426975, 'subsample': 0.8163901361804131, 'colsample_bytree': 0.8541385211730639, 'tree_method': 'hist', 'device': 'cuda', 'random_state': 42, 'verbosity': 0}"
73,0.80824,0.237,0.560,"{'max_depth': 6, 'n_estimators': 1200, 'learning_rate': 0.012388285902161527, 'subsample': 0.856485423087466, 'colsample_bytree': 0.8257871173436818, 'tree_method': 'hist', 'device': 'cuda', 'random_state': 42, 'verbosity': 0}"
74,0.81594,0.103,0.516,"{'max_depth': 6, 'n_estimators': 1200, 'learning_rate': 0.01087780618266466, 'subsample': 0.9929866221248869, 'colsample_bytree': 0.9028277559490956, 'tree_method': 'hist', 'device': 'cuda', 'random_state': 42, 'verbosity': 0}"
75,0.81445,0.027,0.504,"{'max_depth': 6, 'n_estimators': 1200, 'learning_rate': 0.010703648937740754, 'subsample': 0.9655016388216788, 'colsample_bytree': 0.9052008364047398, 'tree_method': 'hist', 'device': 'cuda', 'random_state': 42, 'verbosity': 0}"
76,0.81226,0.035,0.471,"{'max_depth': 6, 'n_estimators': 1200, 'learning_rate': 0.010877460264009932, 'subsample': 0.986641161301539, 'colsample_bytree': 0.8993022567399073, 'tree_method': 'hist', 'device': 'cuda', 'random_state': 42, 'verbosity': 0}"
77,0.81491,0.102,0.504,"{'max_depth': 6, 'n_estimators': 1200, 'learning_rate': 0.01063936590850072, 'subsample': 0.9686238636998348, 'colsample_bytree': 0.884311489699156, 'tree_method': 'hist', 'device': 'cuda', 'random_state': 42, 'verbosity': 0}"
78,0.81330,0.077,0.502,"{'max_depth': 3, 'n_estimators': 1200, 'learning_rate': 0.011387924993641482, 'subsample': 0.965825708747023, 'colsample_bytree': 0.8866212896394301, 'tree_method': 'hist', 'device': 'cuda', 'random_state': 42, 'verbosity': 0}"
79,0.81261,0.092,0.529,"{'max_depth': 6, 'n_estimators': 1200, 'learning_rate': 0.010636500651593281, 'subsample': 0.9558829188025524, 'colsample_bytree': 0.9135817095208791, 'tree_method': 'hist', 'device': 'cuda', 'random_state': 42, 'verbosity': 0}"
80,0.81433,0.109,0.490,"{'max_depth': 6, 'n_estimators': 1200, 'learning_rate': 0.011882225414040187, 'subsample': 0.9183481249949035, 'colsample_bytree': 0.8488799502187173, 'tree_method': 'hist', 'device': 'cuda', 'random_state': 42, 'verbosity': 0}"
81,0.81433,0.039,0.501,"{'max_depth': 6, 'n_estimators': 1200, 'learning_rate': 0.010373208878617982, 'subsample': 0.9720293763608994, 'colsample_bytree': 0.8700035053921346, 'tree_method': 'hist', 'device': 'cuda', 'random_state': 42, 'verbosity': 0}"
82,0.81261,0.132,0.522,"{'max_depth': 6, 'n_estimators': 1200, 'learning_rate': 0.06781338517700257, 'subsample': 0.9776914880255927, 'colsample_bytree': 0.8300620595326432, 'tree_method': 'hist', 'device': 'cuda', 'random_state': 42, 'verbosity': 0}"
83,0.81226,0.026,0.540,"{'max_depth': 6, 'n_estimators': 1200, 'learning_rate': 0.011402937475698878, 'subsample': 0.9452061610229167, 'colsample_bytree': 0.8635608783697458, 'tree_method': 'hist', 'device': 'cuda', 'random_state': 42, 'verbosity': 0}"
84,0.80778,0.835,0.506,"{'max_depth': 6, 'n_estimators': 1200, 'learning_rate': 0.013015446054310122, 'subsample': 0.9946641241545789, 'colsample_bytree': 0.9275782592837081, 'tree_method': 'hist', 'device': 'cuda', 'random_state': 42, 'verbosity': 0}"
85,0.81422,0.068,0.497,"{'max_depth': 5, 'n_estimators': 1200, 'learning_rate': 0.012039833040804224, 'subsample': 0.9211993110417834, 'colsample_bytree': 0.8117179923804241, 'tree_method': 'hist', 'device': 'cuda', 'random_state': 42, 'verbosity': 0}"
86,0.80387,0.949,0.522,"{'max_depth': 6, 'n_estimators': 1200, 'learning_rate': 0.010794154255087203, 'subsample': 0.9997385468583803, 'colsample_bytree': 0.9022182719869145, 'tree_method': 'hist', 'device': 'cuda', 'random_state': 42, 'verbosity': 0}"
87,0.81353,0.101,0.486,"{'max_depth': 6, 'n_estimators': 1200, 'learning_rate': 0.014560951219898043, 'subsample': 0.9492864125044268, 'colsample_bytree': 0.8813213101247076, 'tree_method': 'hist', 'device': 'cuda', 'random_state': 42, 'verbosity': 0}"
88,0.80950,0.673,0.509,"{'max_depth': 6, 'n_estimators': 300, 'learning_rate': 0.01001631296523576, 'subsample': 0.9815739344624488, 'colsample_bytree': 0.9135684431556141, 'tree_method': 'hist', 'device': 'cuda', 'random_state': 42, 'verbosity': 0}"
89,0.81295,0.167,0.533,"{'max_depth': 6, 'n_estimators': 1200, 'learning_rate': 0.016308492513498432, 'subsample': 0.9709465763182666, 'colsample_bytree': 0.9280318444616977, 'tree_method': 'hist', 'device': 'cuda', 'random_state': 42, 'verbosity': 0}"
90,0.81330,0.019,0.494,"{'max_depth': 6, 'n_estimators': 1200, 'learning_rate': 0.011181807953171745, 'subsample': 0.9616717610929131, 'colsample_bytree': 0.9600175181355454, 'tree_method': 'hist', 'device': 'cuda', 'random_state': 42, 'verbosity': 0}"
91,0.81341,0.121,0.489,"{'max_depth': 6, 'n_estimators': 1200, 'learning_rate': 0.011914605446023512, 'subsample': 0.945624398518828, 'colsample_bytree': 0.8466494333377405, 'tree_method': 'hist', 'device': 'cuda', 'random_state': 42, 'verbosity': 0}"
92,0.81468,0.111,0.501,"{'max_depth': 6, 'n_estimators': 1200, 'learning_rate': 0.011954521350688339, 'subsample': 0.9151950473993857, 'colsample_bytree': 0.8795013937436715, 'tree_method': 'hist', 'device': 'cuda', 'random_state': 42, 'verbosity': 0}"
93,0.81514,0.146,0.502,"{'max_depth': 6, 'n_estimators': 1200, 'learning_rate': 0.012817022572880539, 'subsample': 0.9057467372320579, 'colsample_bytree': 0.8795575509865144, 'tree_method': 'hist', 'device': 'cuda', 'random_state': 42, 'verbosity': 0}"
94,0.81238,0.147,0.473,"{'max_depth': 6, 'n_estimators': 1200, 'learning_rate': 0.01054604905293141, 'subsample': 0.8775722200978546, 'colsample_bytree': 0.8923264245115661, 'tree_method': 'hist', 'device': 'cuda', 'random_state': 42, 'verbosity': 0}"
95,0.81468,0.065,0.503,"{'max_depth': 6, 'n_estimators': 1200, 'learning_rate': 0.015234336864696591, 'subsample': 0.9023714115580576, 'colsample_bytree': 0.8345052932303757, 'tree_method': 'hist', 'device': 'cuda', 'random_state': 42, 'verbosity': 0}"
96,0.81583,0.060,0.511,"{'max_depth': 6, 'n_estimators': 1500, 'learning_rate': 0.015107741280286233, 'subsample': 0.9036808787523507, 'colsample_bytree': 0.7727351874895004, 'tree_method': 'hist', 'device': 'cuda', 'random_state': 42, 'verbosity': 0}"
97,0.81502,0.063,0.510,"{'max_depth': 6, 'n_estimators': 1500, 'learning_rate': 0.014293892078448927, 'subsample': 0.907652977235447, 'colsample_bytree': 0.7751666049519985, 'tree_method': 'hist', 'device': 'cuda', 'random_state': 42, 'verbosity': 0}"
98,0.81364,0.060,0.497,"{'max_depth': 6, 'n_estimators': 1500, 'learning_rate': 0.015461928696190405, 'subsample': 0.9050524212098376, 'colsample_bytree': 0.788958392139815, 'tree_method': 'hist', 'device': 'cuda', 'random_state': 42, 'verbosity': 0}"
99,0.81422,0.000,0.522,"{'max_depth': 3, 'n_estimators': 1500, 'learning_rate': 0.017260642342761187, 'subsample': 0.8749139325863489, 'colsample_bytree': 0.7662764002379303, 'tree_method': 'hist', 'device': 'cuda', 'random_state': 42, 'verbosity': 0}"
100,0.81341,0.078,0.528,"{'max_depth': 6, 'n_estimators': 1500, 'learning_rate': 0.014171123250181378, 'subsample': 0.9063482505718636, 'colsample_bytree': 0.764710588076877, 'tree_method': 'hist', 'device': 'cuda', 'random_state': 42, 'verbosity': 0}"
101,0.81445,0.106,0.511,"{'max_depth': 6, 'n_estimators': 1500, 'learning_rate': 0.013426384253679403, 'subsample': 0.9352534384382584, 'colsample_bytree': 0.7934287081727303, 'tree_method': 'hist', 'device': 'cuda', 'random_state': 42, 'verbosity': 0}"
102,0.81491,0.046,0.513,"{'max_depth': 6, 'n_estimators': 1500, 'learning_rate': 0.015135911782159223, 'subsample': 0.9201391369563584, 'colsample_bytree': 0.8341898130732126, 'tree_method': 'hist', 'device': 'cuda', 'random_state': 42, 'verbosity': 0}"
103,0.81387,0.044,0.500,"{'max_depth': 6, 'n_estimators': 1500, 'learning_rate': 0.014819891002978397, 'subsample': 0.9181882295301222, 'colsample_bytree': 0.8082179171502747, 'tree_method': 'hist', 'device': 'cuda', 'random_state': 42, 'verbosity': 0}"
104,0.81249,0.065,0.537,"{'max_depth': 6, 'n_estimators': 1500, 'learning_rate': 0.015208074375645359, 'subsample': 0.906897805341326, 'colsample_bytree': 0.8368742556737134, 'tree_method': 'hist', 'device': 'cuda', 'random_state': 42, 'verbosity': 0}"
105,0.81008,0.094,0.546,"{'max_depth': 6, 'n_estimators': 1500, 'learning_rate': 0.01595327240007509, 'subsample': 0.8899863901499749, 'colsample_bytree': 0.7748006093306066, 'tree_method': 'hist', 'device': 'cuda', 'random_state': 42, 'verbosity': 0}"
106,0.81341,0.134,0.519,"{'max_depth': 5, 'n_estimators': 1500, 'learning_rate': 0.013410416781538098, 'subsample': 0.8792190181334336, 'colsample_bytree': 0.7407293662773351, 'tree_method': 'hist', 'device': 'cuda', 'random_state': 42, 'verbosity': 0}"
107,0.81433,0.048,0.504,"{'max_depth': 6, 'n_estimators': 1500, 'learning_rate': 0.016795741327040124, 'subsample': 0.8566964788358971, 'colsample_bytree': 0.7241998918008521, 'tree_method': 'hist', 'device': 'cuda', 'random_state': 42, 'verbosity': 0}"
108,0.81456,0.018,0.510,"{'max_depth': 6, 'n_estimators': 1500, 'learning_rate': 0.017959863629730802, 'subsample': 0.9292845065636289, 'colsample_bytree': 0.8005316965679693, 'tree_method': 'hist', 'device': 'cuda', 'random_state': 42, 'verbosity': 0}"
109,0.81215,0.585,0.484,"{'max_depth': 6, 'n_estimators': 300, 'learning_rate': 0.012516712562493511, 'subsample': 0.8660769482091227, 'colsample_bytree': 0.8582959628806005, 'tree_method': 'hist', 'device': 'cuda', 'random_state': 42, 'verbosity': 0}"
110,0.80306,0.081,0.358,"{'max_depth': 6, 'n_estimators': 1500, 'learning_rate': 0.014097544710504435, 'subsample': 0.9010954162823305, 'colsample_bytree': 0.8188028826083535, 'tree_method': 'hist', 'device': 'cuda', 'random_state': 42, 'verbosity': 0}"
111,0.81571,0.107,0.514,"{'max_depth': 6, 'n_estimators': 1500, 'learning_rate': 0.01178070233319526, 'subsample': 0.9148106750569209, 'colsample_bytree': 0.8769579527934321, 'tree_method': 'hist', 'device': 'cuda', 'random_state': 42, 'verbosity': 0}"
112,0.81376,0.103,0.494,"{'max_depth': 6, 'n_estimators': 1500, 'learning_rate': 0.012572574138934117, 'subsample': 0.9246683041224615, 'colsample_bytree': 0.8784448777207574, 'tree_method': 'hist', 'device': 'cuda', 'random_state': 42, 'verbosity': 0}"
113,0.81341,0.060,0.526,"{'max_depth': 6, 'n_estimators': 1500, 'learning_rate': 0.011823639812830489, 'subsample': 0.913129349798378, 'colsample_bytree': 0.8320486367363301, 'tree_method': 'hist', 'device': 'cuda', 'random_state': 42, 'verbosity': 0}"
114,0.79961,0.116,0.626,"{'max_depth': 6, 'n_estimators': 1500, 'learning_rate': 0.012241363125618162, 'subsample': 0.9370986141854923, 'colsample_bytree': 0.852133274287095, 'tree_method': 'hist', 'device': 'cuda', 'random_state': 42, 'verbosity': 0}"
115,0.81456,0.183,0.513,"{'max_depth': 6, 'n_estimators': 1500, 'learning_rate': 0.013375455361138567, 'subsample': 0.8864011581513838, 'colsample_bytree': 0.8852557979626541, 'tree_method': 'hist', 'device': 'cuda', 'random_state': 42, 'verbosity': 0}"
116,0.81456,0.131,0.505,"{'max_depth': 6, 'n_estimators': 1200, 'learning_rate': 0.011129403872715753, 'subsample': 0.9100880526916487, 'colsample_bytree': 0.821148938354478, 'tree_method': 'hist', 'device': 'cuda', 'random_state': 42, 'verbosity': 0}"
117,0.81330,0.081,0.521,"{'max_depth': 6, 'n_estimators': 1200, 'learning_rate': 0.09701275251938439, 'subsample': 0.8979744949221498, 'colsample_bytree': 0.8622979706177913, 'tree_method': 'hist', 'device': 'cuda', 'random_state': 42, 'verbosity': 0}"
118,0.81445,0.038,0.517,"{'max_depth': 6, 'n_estimators': 1500, 'learning_rate': 0.01451016889432314, 'subsample': 0.9560133176700262, 'colsample_bytree': 0.8782371721752552, 'tree_method': 'hist', 'device': 'cuda', 'random_state': 42, 'verbosity': 0}"
119,0.81272,0.219,0.536,"{'max_depth': 3, 'n_estimators': 1200, 'learning_rate': 0.013722419214733784, 'subsample': 0.8400264855175726, 'colsample_bytree': 0.7645634392044176, 'tree_method': 'hist', 'device': 'cuda', 'random_state': 42, 'verbosity': 0}"
120,0.81364,0.017,0.501,"{'max_depth': 6, 'n_estimators': 1200, 'learning_rate': 0.012826752093340154, 'subsample': 0.9427241975999946, 'colsample_bytree': 0.9883580421128744, 'tree_method': 'hist', 'device': 'cuda', 'random_state': 42, 'verbosity': 0}"
121,0.81525,0.148,0.513,"{'max_depth': 6, 'n_estimators': 500, 'learning_rate': 0.011560858538305192, 'subsample': 0.9260241408326195, 'colsample_bytree': 0.8948415099719746, 'tree_method': 'hist', 'device': 'cuda', 'random_state': 42, 'verbosity': 0}"
122,0.81422,0.141,0.510,"{'max_depth': 6, 'n_estimators': 500, 'learning_rate': 0.011653497778133133, 'subsample': 0.9255163962020659, 'colsample_bytree': 0.8895593014678774, 'tree_method': 'hist', 'device': 'cuda', 'random_state': 42, 'verbosity': 0}"
123,0.81307,0.094,0.530,"{'max_depth': 6, 'n_estimators': 300, 'learning_rate': 0.012162171466625928, 'subsample': 0.916591908622258, 'colsample_bytree': 0.837746334486091, 'tree_method': 'hist', 'device': 'cuda', 'random_state': 42, 'verbosity': 0}"
124,0.81387,0.115,0.494,"{'max_depth': 6, 'n_estimators': 500, 'learning_rate': 0.010441835949374343, 'subsample': 0.9306422909406988, 'colsample_bytree': 0.8963597205235254, 'tree_method': 'hist', 'device': 'cuda', 'random_state': 42, 'verbosity': 0}"
125,0.81468,0.177,0.517,"{'max_depth': 6, 'n_estimators': 1200, 'learning_rate': 0.011211498333953972, 'subsample': 0.8995258366644124, 'colsample_bytree': 0.748536133369711, 'tree_method': 'hist', 'device': 'cuda', 'random_state': 42, 'verbosity': 0}"
126,0.81422,0.061,0.508,"{'max_depth': 6, 'n_estimators': 1500, 'learning_rate': 0.015373186376565753, 'subsample': 0.9569287014202598, 'colsample_bytree': 0.7934658482126952, 'tree_method': 'hist', 'device': 'cuda', 'random_state': 42, 'verbosity': 0}"
127,0.81364,0.074,0.479,"{'max_depth': 6, 'n_estimators': 1200, 'learning_rate': 0.011000117299422152, 'subsample': 0.8912969499265456, 'colsample_bytree': 0.8749422727651, 'tree_method': 'hist', 'device': 'cuda', 'random_state': 42, 'verbosity': 0}"
128,0.81376,0.156,0.526,"{'max_depth': 5, 'n_estimators': 500, 'learning_rate': 0.01298100916693763, 'subsample': 0.9398691842743976, 'colsample_bytree': 0.8655722689555078, 'tree_method': 'hist', 'device': 'cuda', 'random_state': 42, 'verbosity': 0}"
129,0.81468,0.113,0.503,"{'max_depth': 6, 'n_estimators': 1200, 'learning_rate': 0.01177839312773369, 'subsample': 0.7969978673096358, 'colsample_bytree': 0.7733640491425773, 'tree_method': 'hist', 'device': 'cuda', 'random_state': 42, 'verbosity': 0}"
130,0.81341,0.041,0.488,"{'max_depth': 6, 'n_estimators': 1500, 'learning_rate': 0.01247672303284197, 'subsample': 0.8696839595122563, 'colsample_bytree': 0.7556504937782021, 'tree_method': 'hist', 'device': 'cuda', 'random_state': 42, 'verbosity': 0}"
131,0.81399,0.188,0.517,"{'max_depth': 6, 'n_estimators': 1200, 'learning_rate': 0.010319215595592077, 'subsample': 0.8967014369231163, 'colsample_bytree': 0.7847770183757238, 'tree_method': 'hist', 'device': 'cuda', 'random_state': 42, 'verbosity': 0}"
132,0.81491,0.169,0.513,"{'max_depth': 6, 'n_estimators': 1200, 'learning_rate': 0.011305667373005427, 'subsample': 0.9107089236908958, 'colsample_bytree': 0.7358815510351508, 'tree_method': 'hist', 'device': 'cuda', 'random_state': 42, 'verbosity': 0}"
133,0.81456,0.134,0.499,"{'max_depth': 6, 'n_estimators': 1200, 'learning_rate': 0.014111631891629997, 'subsample': 0.9237661038634152, 'colsample_bytree': 0.7173829231371146, 'tree_method': 'hist', 'device': 'cuda', 'random_state': 42, 'verbosity': 0}"
134,0.81468,0.093,0.512,"{'max_depth': 6, 'n_estimators': 1200, 'learning_rate': 0.011549746991233572, 'subsample': 0.9120331776290976, 'colsample_bytree': 0.6957081820955986, 'tree_method': 'hist', 'device': 'cuda', 'random_state': 42, 'verbosity': 0}"
135,0.81249,0.165,0.506,"{'max_depth': 6, 'n_estimators': 1200, 'learning_rate': 0.04823006927511116, 'subsample': 0.9870728227677086, 'colsample_bytree': 0.8972064341742816, 'tree_method': 'hist', 'device': 'cuda', 'random_state': 42, 'verbosity': 0}"
136,0.81456,0.000,0.523,"{'max_depth': 6, 'n_estimators': 500, 'learning_rate': 0.013414202987421993, 'subsample': 0.9506175695029708, 'colsample_bytree': 0.7311462218148045, 'tree_method': 'hist', 'device': 'cuda', 'random_state': 42, 'verbosity': 0}"
137,0.81491,0.221,0.494,"{'max_depth': 6, 'n_estimators': 1200, 'learning_rate': 0.010919536867794934, 'subsample': 0.8873604405716241, 'colsample_bytree': 0.9079427334283653, 'tree_method': 'hist', 'device': 'cuda', 'random_state': 42, 'verbosity': 0}"
138,0.81445,0.207,0.492,"{'max_depth': 6, 'n_estimators': 1200, 'learning_rate': 0.010860837275674554, 'subsample': 0.9142930294842425, 'colsample_bytree': 0.9145251619494678, 'tree_method': 'hist', 'device': 'cuda', 'random_state': 42, 'verbosity': 0}"
139,0.81341,0.275,0.518,"{'max_depth': 6, 'n_estimators': 1500, 'learning_rate': 0.010176197035637763, 'subsample': 0.8805918430443943, 'colsample_bytree': 0.8914868854134022, 'tree_method': 'hist', 'device': 'cuda', 'random_state': 42, 'verbosity': 0}"
140,0.81422,0.226,0.497,"{'max_depth': 6, 'n_estimators': 500, 'learning_rate': 0.012151509224803129, 'subsample': 0.9310216845503813, 'colsample_bytree': 0.9050653123434617, 'tree_method': 'hist', 'device': 'cuda', 'random_state': 42, 'verbosity': 0}"
141,0.81502,0.147,0.514,"{'max_depth': 6, 'n_estimators': 1200, 'learning_rate': 0.011273315920886066, 'subsample': 0.904446491896212, 'colsample_bytree': 0.9225112519535343, 'tree_method': 'hist', 'device': 'cuda', 'random_state': 42, 'verbosity': 0}"
142,0.81422,0.149,0.511,"{'max_depth': 6, 'n_estimators': 1200, 'learning_rate': 0.01123971885768132, 'subsample': 0.8898275874000773, 'colsample_bytree': 0.9275341483635292, 'tree_method': 'hist', 'device': 'cuda', 'random_state': 42, 'verbosity': 0}"
143,0.81192,0.178,0.532,"{'max_depth': 6, 'n_estimators': 1200, 'learning_rate': 0.010625984489727812, 'subsample': 0.9193603721345748, 'colsample_bytree': 0.9088478769135787, 'tree_method': 'hist', 'device': 'cuda', 'random_state': 42, 'verbosity': 0}"
144,0.81330,0.248,0.514,"{'max_depth': 6, 'n_estimators': 1200, 'learning_rate': 0.012859044096013492, 'subsample': 0.9091708035822315, 'colsample_bytree': 0.9219850036260377, 'tree_method': 'hist', 'device': 'cuda', 'random_state': 42, 'verbosity': 0}"
145,0.81376,0.125,0.525,"{'max_depth': 6, 'n_estimators': 1200, 'learning_rate': 0.011623250648560861, 'subsample': 0.9245450966027426, 'colsample_bytree': 0.9179154174753927, 'tree_method': 'hist', 'device': 'cuda', 'random_state': 42, 'verbosity': 0}"
146,0.81330,0.496,0.507,"{'max_depth': 6, 'n_estimators': 1200, 'learning_rate': 0.010976844064594067, 'subsample': 0.9037084617028089, 'colsample_bytree': 0.8844662045957226, 'tree_method': 'hist', 'device': 'cuda', 'random_state': 42, 'verbosity': 0}"
147,0.81238,0.102,0.541,"{'max_depth': 3, 'n_estimators': 1500, 'learning_rate': 0.012155746968579354, 'subsample': 0.9935578592551085, 'colsample_bytree': 0.9348822193975791, 'tree_method': 'hist', 'device': 'cuda', 'random_state': 42, 'verbosity': 0}"
148,0.81445,0.149,0.499,"{'max_depth': 6, 'n_estimators': 1200, 'learning_rate': 0.010040395680728068, 'subsample': 0.9794342291594407, 'colsample_bytree': 0.9012717738784807, 'tree_method': 'hist', 'device': 'cuda', 'random_state': 42, 'verbosity': 0}"
149,0.81410,0.166,0.520,"{'max_depth': 6, 'n_estimators': 300, 'learning_rate': 0.010586606760437406, 'subsample': 0.9343909789219874, 'colsample_bytree': 0.8736946284591768, 'tree_method': 'hist', 'device': 'cuda', 'random_state': 42, 'verbosity': 0}"
150,0.81387,0.201,0.494,"{'max_depth': 5, 'n_estimators': 500, 'learning_rate': 0.01157238501468272, 'subsample': 0.8863389954612136, 'colsample_bytree': 0.8949755956923079, 'tree_method': 'hist', 'device': 'cuda', 'random_state': 42, 'verbosity': 0}"
151,0.81468,0.072,0.503,"{'max_depth': 6, 'n_estimators': 1200, 'learning_rate': 0.014683175476506539, 'subsample': 0.9026854007170149, 'colsample_bytree': 0.810371396952688, 'tree_method': 'hist', 'device': 'cuda', 'random_state': 42, 'verbosity': 0}"
152,0.81433,0.056,0.505,"{'max_depth': 6, 'n_estimators': 1200, 'learning_rate': 0.01310020867513003, 'subsample': 0.911566508449621, 'colsample_bytree': 0.856081597424445, 'tree_method': 'hist', 'device': 'cuda', 'random_state': 42, 'verbosity': 0}"
153,0.81514,0.122,0.513,"{'max_depth': 6, 'n_estimators': 1200, 'learning_rate': 0.016194345498881862, 'subsample': 0.9002390190342457, 'colsample_bytree': 0.9071534871857371, 'tree_method': 'hist', 'device': 'cuda', 'random_state': 42, 'verbosity': 0}"
154,0.81514,0.123,0.516,"{'max_depth': 6, 'n_estimators': 1200, 'learning_rate': 0.012588082297152118, 'subsample': 0.9192260467491482, 'colsample_bytree': 0.9088016488373633, 'tree_method': 'hist', 'device': 'cuda', 'random_state': 42, 'verbosity': 0}"
155,0.81249,0.393,0.514,"{'max_depth': 6, 'n_estimators': 1200, 'learning_rate': 0.013783368076802286, 'subsample': 0.9215739771263285, 'colsample_bytree': 0.9092905396870893, 'tree_method': 'hist', 'device': 'cuda', 'random_state': 42, 'verbosity': 0}"
156,0.81180,0.133,0.533,"{'max_depth': 6, 'n_estimators': 1200, 'learning_rate': 0.016449395282762926, 'subsample': 0.8902785378978478, 'colsample_bytree': 0.9201126679129502, 'tree_method': 'hist', 'device': 'cuda', 'random_state': 42, 'verbosity': 0}"
157,0.81318,0.087,0.526,"{'max_depth': 6, 'n_estimators': 1500, 'learning_rate': 0.01252992271642579, 'subsample': 0.9379950962550071, 'colsample_bytree': 0.9045597700740067, 'tree_method': 'hist', 'device': 'cuda', 'random_state': 42, 'verbosity': 0}"
158,0.81422,0.129,0.520,"{'max_depth': 6, 'n_estimators': 1200, 'learning_rate': 0.01122185218417389, 'subsample': 0.8983633993491456, 'colsample_bytree': 0.6754032553882473, 'tree_method': 'hist', 'device': 'cuda', 'random_state': 42, 'verbosity': 0}"
159,0.81479,0.176,0.510,"{'max_depth': 6, 'n_estimators': 500, 'learning_rate': 0.015799240820489113, 'subsample': 0.8692346229903891, 'colsample_bytree': 0.9289133422722313, 'tree_method': 'hist', 'device': 'cuda', 'random_state': 42, 'verbosity': 0}"
160,0.81341,0.111,0.485,"{'max_depth': 6, 'n_estimators': 500, 'learning_rate': 0.015542300648767606, 'subsample': 0.8450071513252172, 'colsample_bytree': 0.9317886112792515, 'tree_method': 'hist', 'device': 'cuda', 'random_state': 42, 'verbosity': 0}"
161,0.81525,0.178,0.512,"{'max_depth': 6, 'n_estimators': 500, 'learning_rate': 0.01775596067839124, 'subsample': 0.7410859455713161, 'colsample_bytree': 0.9159060789627866, 'tree_method': 'hist', 'device': 'cuda', 'random_state': 42, 'verbosity': 0}"
162,0.81502,0.158,0.509,"{'max_depth': 6, 'n_estimators': 500, 'learning_rate': 0.017093343326908605, 'subsample': 0.7756151944022299, 'colsample_bytree': 0.9459546317417578, 'tree_method': 'hist', 'device': 'cuda', 'random_state': 42, 'verbosity': 0}"
163,0.81456,0.154,0.519,"{'max_depth': 6, 'n_estimators': 500, 'learning_rate': 0.017364829391736867, 'subsample': 0.742693900207871, 'colsample_bytree': 0.9191730222428316, 'tree_method': 'hist', 'device': 'cuda', 'random_state': 42, 'verbosity': 0}"
164,0.81433,0.096,0.510,"{'max_depth': 6, 'n_estimators': 500, 'learning_rate': 0.021253850605771278, 'subsample': 0.7707682541123607, 'colsample_bytree': 0.9585604613227807, 'tree_method': 'hist', 'device': 'cuda', 'random_state': 42, 'verbosity': 0}"
165,0.81433,0.220,0.515,"{'max_depth': 6, 'n_estimators': 500, 'learning_rate': 0.01648342425455201, 'subsample': 0.783545747694155, 'colsample_bytree': 0.947089233396284, 'tree_method': 'hist', 'device': 'cuda', 'random_state': 42, 'verbosity': 0}"
166,0.81341,0.150,0.527,"{'max_depth': 6, 'n_estimators': 500, 'learning_rate': 0.014732766911339405, 'subsample': 0.8059688321095093, 'colsample_bytree': 0.913128025993293, 'tree_method': 'hist', 'device': 'cuda', 'random_state': 42, 'verbosity': 0}"
167,0.81341,0.129,0.500,"{'max_depth': 6, 'n_estimators': 500, 'learning_rate': 0.013996748041327924, 'subsample': 0.7396517017590638, 'colsample_bytree': 0.8984933484766796, 'tree_method': 'hist', 'device': 'cuda', 'random_state': 42, 'verbosity': 0}"
168,0.81468,0.193,0.505,"{'max_depth': 6, 'n_estimators': 500, 'learning_rate': 0.017736881262864216, 'subsample': 0.7513827574205304, 'colsample_bytree': 0.941964328048842, 'tree_method': 'hist', 'device': 'cuda', 'random_state': 42, 'verbosity': 0}"
169,0.81330,0.027,0.492,"{'max_depth': 6, 'n_estimators': 1500, 'learning_rate': 0.01988720421314797, 'subsample': 0.8284643776721194, 'colsample_bytree': 0.8900668013519856, 'tree_method': 'hist', 'device': 'cuda', 'random_state': 42, 'verbosity': 0}"
170,0.81433,0.162,0.517,"{'max_depth': 6, 'n_estimators': 500, 'learning_rate': 0.018388297518564165, 'subsample': 0.8962927817070122, 'colsample_bytree': 0.9086757895359935, 'tree_method': 'hist', 'device': 'cuda', 'random_state': 42, 'verbosity': 0}"
171,0.81468,0.124,0.510,"{'max_depth': 6, 'n_estimators': 500, 'learning_rate': 0.016785318658141535, 'subsample': 0.7628898790951664, 'colsample_bytree': 0.9265799819405488, 'tree_method': 'hist', 'device': 'cuda', 'random_state': 42, 'verbosity': 0}"
172,0.81157,0.455,0.523,"{'max_depth': 6, 'n_estimators': 500, 'learning_rate': 0.01577603010656646, 'subsample': 0.862926220496133, 'colsample_bytree': 0.953175286698028, 'tree_method': 'hist', 'device': 'cuda', 'random_state': 42, 'verbosity': 0}"
173,0.81468,0.183,0.509,"{'max_depth': 6, 'n_estimators': 500, 'learning_rate': 0.014685701974069796, 'subsample': 0.8838436637736716, 'colsample_bytree': 0.9316389066695101, 'tree_method': 'hist', 'device': 'cuda', 'random_state': 42, 'verbosity': 0}"
174,0.81468,0.164,0.499,"{'max_depth': 6, 'n_estimators': 500, 'learning_rate': 0.02433459137118954, 'subsample': 0.7098351437790376, 'colsample_bytree': 0.9666252641558671, 'tree_method': 'hist', 'device': 'cuda', 'random_state': 42, 'verbosity': 0}"
175,0.81491,0.080,0.511,"{'max_depth': 6, 'n_estimators': 500, 'learning_rate': 0.015936467301157713, 'subsample': 0.9139350783882488, 'colsample_bytree': 0.923187412353928, 'tree_method': 'hist', 'device': 'cuda', 'random_state': 42, 'verbosity': 0}"
176,0.81479,0.075,0.520,"{'max_depth': 6, 'n_estimators': 1500, 'learning_rate': 0.01333187527480888, 'subsample': 0.9100640164343506, 'colsample_bytree': 0.9170641280782541, 'tree_method': 'hist', 'device': 'cuda', 'random_state': 42, 'verbosity': 0}"
177,0.81422,0.101,0.513,"{'max_depth': 6, 'n_estimators': 500, 'learning_rate': 0.012411457239457187, 'subsample': 0.7296729676219154, 'colsample_bytree': 0.9009629010339292, 'tree_method': 'hist', 'device': 'cuda', 'random_state': 42, 'verbosity': 0}"
178,0.81272,0.054,0.530,"{'max_depth': 6, 'n_estimators': 1500, 'learning_rate': 0.04011469539744129, 'subsample': 0.6613819028425799, 'colsample_bytree': 0.8878148329129478, 'tree_method': 'hist', 'device': 'cuda', 'random_state': 42, 'verbosity': 0}"
179,0.81295,0.042,0.505,"{'max_depth': 3, 'n_estimators': 1000, 'learning_rate': 0.016262237889753398, 'subsample': 0.9176164265318104, 'colsample_bytree': 0.9092015470844211, 'tree_method': 'hist', 'device': 'cuda', 'random_state': 42, 'verbosity': 0}"
180,0.81560,0.090,0.515,"{'max_depth': 6, 'n_estimators': 500, 'learning_rate': 0.015079508210821988, 'subsample': 0.9260731021460936, 'colsample_bytree': 0.9209272736915732, 'tree_method': 'hist', 'device': 'cuda', 'random_state': 42, 'verbosity': 0}"
181,0.81537,0.086,0.517,"{'max_depth': 6, 'n_estimators': 500, 'learning_rate': 0.015418228071555986, 'subsample': 0.9270437138633347, 'colsample_bytree': 0.9176841259953532, 'tree_method': 'hist', 'device': 'cuda', 'random_state': 42, 'verbosity': 0}"
182,0.80789,0.748,0.522,"{'max_depth': 6, 'n_estimators': 500, 'learning_rate': 0.01413469365772751, 'subsample': 0.9272692608269247, 'colsample_bytree': 0.9140213395402272, 'tree_method': 'hist', 'device': 'cuda', 'random_state': 42, 'verbosity': 0}"
183,0.81548,0.102,0.516,"{'max_depth': 6, 'n_estimators': 500, 'learning_rate': 0.01513059104213936, 'subsample': 0.9036821424250876, 'colsample_bytree': 0.9023517520079283, 'tree_method': 'hist', 'device': 'cuda', 'random_state': 42, 'verbosity': 0}"
184,0.81617,0.111,0.516,"{'max_depth': 6, 'n_estimators': 500, 'learning_rate': 0.015427573636483343, 'subsample': 0.904130047445317, 'colsample_bytree': 0.8993346766276411, 'tree_method': 'hist', 'device': 'cuda', 'random_state': 42, 'verbosity': 0}"
185,0.81295,0.113,0.537,"{'max_depth': 6, 'n_estimators': 500, 'learning_rate': 0.014393431654525082, 'subsample': 0.9061678921405477, 'colsample_bytree': 0.8988702338691618, 'tree_method': 'hist', 'device': 'cuda', 'random_state': 42, 'verbosity': 0}"
186,0.81525,0.072,0.517,"{'max_depth': 6, 'n_estimators': 500, 'learning_rate': 0.015209077623880778, 'subsample': 0.9283131024872044, 'colsample_bytree': 0.8830948837509948, 'tree_method': 'hist', 'device': 'cuda', 'random_state': 42, 'verbosity': 0}"
187,0.81399,0.087,0.526,"{'max_depth': 5, 'n_estimators': 500, 'learning_rate': 0.01697448328368371, 'subsample': 0.9456607630135926, 'colsample_bytree': 0.8841382778118372, 'tree_method': 'hist', 'device': 'cuda', 'random_state': 42, 'verbosity': 0}"
188,0.81491,0.107,0.519,"{'max_depth': 6, 'n_estimators': 500, 'learning_rate': 0.01527564186612151, 'subsample': 0.9256628699843369, 'colsample_bytree': 0.8934193866054528, 'tree_method': 'hist', 'device': 'cuda', 'random_state': 42, 'verbosity': 0}"
189,0.81514,0.076,0.518,"{'max_depth': 6, 'n_estimators': 500, 'learning_rate': 0.01767398409103475, 'subsample': 0.8964612118705418, 'colsample_bytree': 0.9383873244854326, 'tree_method': 'hist', 'device': 'cuda', 'random_state': 42, 'verbosity': 0}"
190,0.81318,0.079,0.527,"{'max_depth': 6, 'n_estimators': 500, 'learning_rate': 0.018271835913394208, 'subsample': 0.8968235932650341, 'colsample_bytree': 0.9403749867150939, 'tree_method': 'hist', 'device': 'cuda', 'random_state': 42, 'verbosity': 0}"
191,0.81468,0.138,0.518,"{'max_depth': 6, 'n_estimators': 500, 'learning_rate': 0.017361950701656043, 'subsample': 0.9039449948600025, 'colsample_bytree': 0.9342291860392897, 'tree_method': 'hist', 'device': 'cuda', 'random_state': 42, 'verbosity': 0}"
192,0.81445,0.097,0.506,"{'max_depth': 6, 'n_estimators': 500, 'learning_rate': 0.015316151671773368, 'subsample': 0.9703139919602796, 'colsample_bytree': 0.9228908759622189, 'tree_method': 'hist', 'device': 'cuda', 'random_state': 42, 'verbosity': 0}"
193,0.81537,0.131,0.517,"{'max_depth': 6, 'n_estimators': 500, 'learning_rate': 0.01624592958268893, 'subsample': 0.7741031995564681, 'colsample_bytree': 0.9022540887391963, 'tree_method': 'hist', 'device': 'cuda', 'random_state': 42, 'verbosity': 0}"
194,0.81479,0.126,0.521,"{'max_depth': 6, 'n_estimators': 500, 'learning_rate': 0.016371039641648905, 'subsample': 0.7793208589535845, 'colsample_bytree': 0.9059438039779126, 'tree_method': 'hist', 'device': 'cuda', 'random_state': 42, 'verbosity': 0}"
195,0.81295,0.066,0.532,"{'max_depth': 6, 'n_estimators': 500, 'learning_rate': 0.014801098816101598, 'subsample': 0.7871590999734283, 'colsample_bytree': 0.9190209630649974, 'tree_method': 'hist', 'device': 'cuda', 'random_state': 42, 'verbosity': 0}"
196,0.81479,0.143,0.516,"{'max_depth': 6, 'n_estimators': 500, 'learning_rate': 0.017373140518731706, 'subsample': 0.6468673796296335, 'colsample_bytree': 0.9496554058464715, 'tree_method': 'hist', 'device': 'cuda', 'random_state': 42, 'verbosity': 0}"
197,0.81422,0.116,0.524,"{'max_depth': 6, 'n_estimators': 500, 'learning_rate': 0.016381095455569098, 'subsample': 0.7982026241199206, 'colsample_bytree': 0.9012049044253273, 'tree_method': 'hist', 'device': 'cuda', 'random_state': 42, 'verbosity': 0}"
198,0.81548,0.065,0.515,"{'max_depth': 6, 'n_estimators': 500, 'learning_rate': 0.01924848973060069, 'subsample': 0.7706847559700745, 'colsample_bytree': 0.9600955745044883, 'tree_method': 'hist', 'device': 'cuda', 'random_state': 42, 'verbosity': 0}"
199,0.81514,0.034,0.515,"{'max_depth': 6, 'n_estimators': 500, 'learning_rate': 0.020623974295479706, 'subsample': 0.929137641883265, 'colsample_bytree': 0.9810661088322526, 'tree_method': 'hist', 'device': 'cuda', 'random_state': 42, 'verbosity': 0}"
