TRIAL,SCORE,WEIGHT,THRESHOLD,PARAMS
0,0.80985,0.680,0.516,"{'max_depth': 3, 'n_estimators': 1200, 'learning_rate': 0.056446035087006886, 'subsample': 0.8434284038885823, 'colsample_bytree': 0.8763038371744352, 'tree_method': 'hist', 'device': 'cuda', 'random_state': 42, 'verbosity': 0}"
1,0.80225,0.226,0.611,"{'max_depth': 6, 'n_estimators': 500, 'learning_rate': 0.07899588487517792, 'subsample': 0.6484553677957784, 'colsample_bytree': 0.647222618521628, 'tree_method': 'hist', 'device': 'cuda', 'random_state': 42, 'verbosity': 0}"
2,0.80410,0.161,0.371,"{'max_depth': 6, 'n_estimators': 1200, 'learning_rate': 0.014263415301917447, 'subsample': 0.8880120605051721, 'colsample_bytree': 0.6787942026670555, 'tree_method': 'hist', 'device': 'cuda', 'random_state': 42, 'verbosity': 0}"
3,0.80168,0.801,0.515,"{'max_depth': 6, 'n_estimators': 1500, 'learning_rate': 0.07427370354842172, 'subsample': 0.7115283124382872, 'colsample_bytree': 0.9798141780631955, 'tree_method': 'hist', 'device': 'cuda', 'random_state': 42, 'verbosity': 0}"
4,0.80893,0.097,0.555,"{'max_depth': 3, 'n_estimators': 1200, 'learning_rate': 0.06259333879987153, 'subsample': 0.701982073539379, 'colsample_bytree': 0.6656703954327653, 'tree_method': 'hist', 'device': 'cuda', 'random_state': 42, 'verbosity': 0}"
5,0.81077,0.036,0.468,"{'max_depth': 3, 'n_estimators': 1200, 'learning_rate': 0.015082426107153758, 'subsample': 0.8750393220540298, 'colsample_bytree': 0.817063208093564, 'tree_method': 'hist', 'device': 'cuda', 'random_state': 42, 'verbosity': 0}"
6,0.79880,0.898,0.647,"{'max_depth': 6, 'n_estimators': 1000, 'learning_rate': 0.08952340925878906, 'subsample': 0.8672073509661695, 'colsample_bytree': 0.9143301317950968, 'tree_method': 'hist', 'device': 'cuda', 'random_state': 42, 'verbosity': 0}"
7,0.80663,0.430,0.379,"{'max_depth': 6, 'n_estimators': 1500, 'learning_rate': 0.014468646846179274, 'subsample': 0.6890000871133762, 'colsample_bytree': 0.9926042408515046, 'tree_method': 'hist', 'device': 'cuda', 'random_state': 42, 'verbosity': 0}"
8,0.79512,0.886,0.379,"{'max_depth': 3, 'n_estimators': 500, 'learning_rate': 0.025119206018976836, 'subsample': 0.790113760302238, 'colsample_bytree': 0.7841999557601079, 'tree_method': 'hist', 'device': 'cuda', 'random_state': 42, 'verbosity': 0}"
9,0.80893,0.994,0.500,"{'max_depth': 5, 'n_estimators': 300, 'learning_rate': 0.012193532364488195, 'subsample': 0.8803796360699149, 'colsample_bytree': 0.8430949424236754, 'tree_method': 'hist', 'device': 'cuda', 'random_state': 42, 'verbosity': 0}"
10,0.80927,0.416,0.436,"{'max_depth': 5, 'n_estimators': 300, 'learning_rate': 0.02503365265625737, 'subsample': 0.9835786602442329, 'colsample_bytree': 0.7570834983084558, 'tree_method': 'hist', 'device': 'cuda', 'random_state': 42, 'verbosity': 0}"
11,0.80939,0.669,0.457,"{'max_depth': 3, 'n_estimators': 1200, 'learning_rate': 0.04445087852876203, 'subsample': 0.7831808006307461, 'colsample_bytree': 0.86660077617455, 'tree_method': 'hist', 'device': 'cuda', 'random_state': 42, 'verbosity': 0}"
12,0.81180,0.588,0.546,"{'max_depth': 3, 'n_estimators': 1200, 'learning_rate': 0.040192639323437404, 'subsample': 0.9564975551861594, 'colsample_bytree': 0.7483339907097577, 'tree_method': 'hist', 'device': 'cuda', 'random_state': 42, 'verbosity': 0}"
13,0.80525,0.008,0.574,"{'max_depth': 3, 'n_estimators': 1200, 'learning_rate': 0.03544632821666982, 'subsample': 0.9751780431548909, 'colsample_bytree': 0.7465798932791139, 'tree_method': 'hist', 'device': 'cuda', 'random_state': 42, 'verbosity': 0}"
14,0.81123,0.291,0.464,"{'max_depth': 3, 'n_estimators': 1000, 'learning_rate': 0.020911751314678897, 'subsample': 0.9266814821025292, 'colsample_bytree': 0.8153412508772059, 'tree_method': 'hist', 'device': 'cuda', 'random_state': 42, 'verbosity': 0}"
15,0.80824,0.331,0.428,"{'max_depth': 3, 'n_estimators': 1000, 'learning_rate': 0.021237822077293564, 'subsample': 0.9398675199174423, 'colsample_bytree': 0.7110674703156868, 'tree_method': 'hist', 'device': 'cuda', 'random_state': 42, 'verbosity': 0}"
16,0.81054,0.561,0.546,"{'max_depth': 5, 'n_estimators': 1000, 'learning_rate': 0.03749435502377014, 'subsample': 0.9467377931313395, 'colsample_bytree': 0.723484558836164, 'tree_method': 'hist', 'device': 'cuda', 'random_state': 42, 'verbosity': 0}"
17,0.80156,0.249,0.601,"{'max_depth': 3, 'n_estimators': 1000, 'learning_rate': 0.02050129837128669, 'subsample': 0.9293651863036687, 'colsample_bytree': 0.8003374509623322, 'tree_method': 'hist', 'device': 'cuda', 'random_state': 42, 'verbosity': 0}"
18,0.81192,0.562,0.477,"{'max_depth': 3, 'n_estimators': 1000, 'learning_rate': 0.047080667821138164, 'subsample': 0.9987866994045392, 'colsample_bytree': 0.6069463280715702, 'tree_method': 'hist', 'device': 'cuda', 'random_state': 42, 'verbosity': 0}"
19,0.80881,0.562,0.500,"{'max_depth': 3, 'n_estimators': 300, 'learning_rate': 0.049253927525117584, 'subsample': 0.9961542731604729, 'colsample_bytree': 0.6038710908276085, 'tree_method': 'hist', 'device': 'cuda', 'random_state': 42, 'verbosity': 0}"
20,0.80996,0.667,0.408,"{'max_depth': 5, 'n_estimators': 500, 'learning_rate': 0.04370090157501583, 'subsample': 0.8277787228342045, 'colsample_bytree': 0.6233961291013506, 'tree_method': 'hist', 'device': 'cuda', 'random_state': 42, 'verbosity': 0}"
21,0.81134,0.517,0.471,"{'max_depth': 3, 'n_estimators': 1000, 'learning_rate': 0.03039526453149843, 'subsample': 0.9273804899720519, 'colsample_bytree': 0.6939892105241597, 'tree_method': 'hist', 'device': 'cuda', 'random_state': 42, 'verbosity': 0}"
22,0.81111,0.487,0.484,"{'max_depth': 3, 'n_estimators': 1000, 'learning_rate': 0.03077299021431126, 'subsample': 0.9979600543377111, 'colsample_bytree': 0.6996718416609635, 'tree_method': 'hist', 'device': 'cuda', 'random_state': 42, 'verbosity': 0}"
23,0.81054,0.583,0.535,"{'max_depth': 3, 'n_estimators': 1000, 'learning_rate': 0.029800378640713603, 'subsample': 0.916734499237771, 'colsample_bytree': 0.6321599850428269, 'tree_method': 'hist', 'device': 'cuda', 'random_state': 42, 'verbosity': 0}"
24,0.80743,0.752,0.572,"{'max_depth': 3, 'n_estimators': 1000, 'learning_rate': 0.03817388716436393, 'subsample': 0.9623908106668239, 'colsample_bytree': 0.6774215829995406, 'tree_method': 'hist', 'device': 'cuda', 'random_state': 42, 'verbosity': 0}"
25,0.80973,0.383,0.412,"{'max_depth': 3, 'n_estimators': 1500, 'learning_rate': 0.05954053872568528, 'subsample': 0.9019230575513631, 'colsample_bytree': 0.6004275127348685, 'tree_method': 'hist', 'device': 'cuda', 'random_state': 42, 'verbosity': 0}"
26,0.81031,0.515,0.446,"{'max_depth': 3, 'n_estimators': 1000, 'learning_rate': 0.04853384054466947, 'subsample': 0.9639808119349298, 'colsample_bytree': 0.7551478049812598, 'tree_method': 'hist', 'device': 'cuda', 'random_state': 42, 'verbosity': 0}"
27,0.81111,0.612,0.492,"{'max_depth': 3, 'n_estimators': 1000, 'learning_rate': 0.026941443851076642, 'subsample': 0.7575452151297506, 'colsample_bytree': 0.6550381217247723, 'tree_method': 'hist', 'device': 'cuda', 'random_state': 42, 'verbosity': 0}"
28,0.81169,0.478,0.522,"{'max_depth': 5, 'n_estimators': 1200, 'learning_rate': 0.03445492608436628, 'subsample': 0.8353510859767377, 'colsample_bytree': 0.7327527048444981, 'tree_method': 'hist', 'device': 'cuda', 'random_state': 42, 'verbosity': 0}"
29,0.80582,0.745,0.519,"{'max_depth': 5, 'n_estimators': 1200, 'learning_rate': 0.05366711406498858, 'subsample': 0.8376348752084197, 'colsample_bytree': 0.9316184277652515, 'tree_method': 'hist', 'device': 'cuda', 'random_state': 42, 'verbosity': 0}"
30,0.80973,0.482,0.520,"{'max_depth': 5, 'n_estimators': 1200, 'learning_rate': 0.06747419803085014, 'subsample': 0.813721882443919, 'colsample_bytree': 0.7775838800210337, 'tree_method': 'hist', 'device': 'cuda', 'random_state': 42, 'verbosity': 0}"
31,0.81272,0.636,0.479,"{'max_depth': 5, 'n_estimators': 1200, 'learning_rate': 0.03414656692514062, 'subsample': 0.9510756599277466, 'colsample_bytree': 0.724671025035371, 'tree_method': 'hist', 'device': 'cuda', 'random_state': 42, 'verbosity': 0}"
32,0.80870,0.645,0.566,"{'max_depth': 5, 'n_estimators': 1200, 'learning_rate': 0.039998314657156184, 'subsample': 0.9565688400348019, 'colsample_bytree': 0.7259770702934604, 'tree_method': 'hist', 'device': 'cuda', 'random_state': 42, 'verbosity': 0}"
33,0.80421,0.712,0.597,"{'max_depth': 5, 'n_estimators': 1200, 'learning_rate': 0.034415424275029964, 'subsample': 0.6187586822817448, 'colsample_bytree': 0.7374696963691755, 'tree_method': 'hist', 'device': 'cuda', 'random_state': 42, 'verbosity': 0}"
34,0.80697,0.808,0.532,"{'max_depth': 5, 'n_estimators': 1200, 'learning_rate': 0.041813225694389236, 'subsample': 0.8528873991719914, 'colsample_bytree': 0.7720942868257854, 'tree_method': 'hist', 'device': 'cuda', 'random_state': 42, 'verbosity': 0}"
35,0.81146,0.447,0.483,"{'max_depth': 5, 'n_estimators': 1200, 'learning_rate': 0.05619960207901708, 'subsample': 0.9015966293657799, 'colsample_bytree': 0.6969210955849169, 'tree_method': 'hist', 'device': 'cuda', 'random_state': 42, 'verbosity': 0}"
36,0.81019,0.342,0.513,"{'max_depth': 6, 'n_estimators': 1200, 'learning_rate': 0.0488463256461423, 'subsample': 0.7354378930019547, 'colsample_bytree': 0.6694037800219395, 'tree_method': 'hist', 'device': 'cuda', 'random_state': 42, 'verbosity': 0}"
37,0.81019,0.597,0.546,"{'max_depth': 5, 'n_estimators': 500, 'learning_rate': 0.07798507383680915, 'subsample': 0.903944669222162, 'colsample_bytree': 0.6354633615023181, 'tree_method': 'hist', 'device': 'cuda', 'random_state': 42, 'verbosity': 0}"
38,0.80927,0.534,0.507,"{'max_depth': 6, 'n_estimators': 1200, 'learning_rate': 0.09551673819064696, 'subsample': 0.6630559834419625, 'colsample_bytree': 0.8272528577146242, 'tree_method': 'hist', 'device': 'cuda', 'random_state': 42, 'verbosity': 0}"
39,0.81065,0.628,0.481,"{'max_depth': 5, 'n_estimators': 1500, 'learning_rate': 0.03381593878747184, 'subsample': 0.9789831659736724, 'colsample_bytree': 0.7902154484493199, 'tree_method': 'hist', 'device': 'cuda', 'random_state': 42, 'verbosity': 0}"
40,0.80467,0.800,0.589,"{'max_depth': 6, 'n_estimators': 1200, 'learning_rate': 0.026775840277562038, 'subsample': 0.8565619915224437, 'colsample_bytree': 0.8475332552159894, 'tree_method': 'hist', 'device': 'cuda', 'random_state': 42, 'verbosity': 0}"
41,0.81031,0.438,0.480,"{'max_depth': 5, 'n_estimators': 1200, 'learning_rate': 0.06502532353697114, 'subsample': 0.8935755698582311, 'colsample_bytree': 0.6947088716038199, 'tree_method': 'hist', 'device': 'cuda', 'random_state': 42, 'verbosity': 0}"
42,0.80364,0.475,0.351,"{'max_depth': 5, 'n_estimators': 1200, 'learning_rate': 0.055000567339888236, 'subsample': 0.949767986151374, 'colsample_bytree': 0.7096356118690492, 'tree_method': 'hist', 'device': 'cuda', 'random_state': 42, 'verbosity': 0}"
43,0.81123,0.389,0.454,"{'max_depth': 5, 'n_estimators': 1200, 'learning_rate': 0.06932010068699002, 'subsample': 0.8756891453589909, 'colsample_bytree': 0.7332345741900338, 'tree_method': 'hist', 'device': 'cuda', 'random_state': 42, 'verbosity': 0}"
44,0.79639,0.126,0.648,"{'max_depth': 5, 'n_estimators': 1200, 'learning_rate': 0.045789850239674565, 'subsample': 0.915692297114793, 'colsample_bytree': 0.6577367814646559, 'tree_method': 'hist', 'device': 'cuda', 'random_state': 42, 'verbosity': 0}"
45,0.81226,0.186,0.531,"{'max_depth': 5, 'n_estimators': 300, 'learning_rate': 0.05439429975512894, 'subsample': 0.9758404054337497, 'colsample_bytree': 0.7690720939672334, 'tree_method': 'hist', 'device': 'cuda', 'random_state': 42, 'verbosity': 0}"
46,0.81203,0.173,0.528,"{'max_depth': 5, 'n_estimators': 300, 'learning_rate': 0.04006993234452792, 'subsample': 0.9712841710910697, 'colsample_bytree': 0.7652073559851512, 'tree_method': 'hist', 'device': 'cuda', 'random_state': 42, 'verbosity': 0}"
47,0.80996,0.183,0.549,"{'max_depth': 5, 'n_estimators': 300, 'learning_rate': 0.08483093886702951, 'subsample': 0.9798658181136399, 'colsample_bytree': 0.7636916458819224, 'tree_method': 'hist', 'device': 'cuda', 'random_state': 42, 'verbosity': 0}"
48,0.81203,0.102,0.536,"{'max_depth': 6, 'n_estimators': 300, 'learning_rate': 0.04166140731686091, 'subsample': 0.9968463205117384, 'colsample_bytree': 0.7914147759658845, 'tree_method': 'hist', 'device': 'cuda', 'random_state': 42, 'verbosity': 0}"
49,0.80099,0.079,0.618,"{'max_depth': 6, 'n_estimators': 300, 'learning_rate': 0.017938708284169266, 'subsample': 0.9985765443571795, 'colsample_bytree': 0.8859720491160069, 'tree_method': 'hist', 'device': 'cuda', 'random_state': 42, 'verbosity': 0}"
50,0.80732,0.198,0.561,"{'max_depth': 6, 'n_estimators': 300, 'learning_rate': 0.051093098176619126, 'subsample': 0.9757919260928453, 'colsample_bytree': 0.8057537826197783, 'tree_method': 'hist', 'device': 'cuda', 'random_state': 42, 'verbosity': 0}"
51,0.81157,0.062,0.538,"{'max_depth': 6, 'n_estimators': 300, 'learning_rate': 0.040579748868242387, 'subsample': 0.9416989144932252, 'colsample_bytree': 0.7892983068344102, 'tree_method': 'hist', 'device': 'cuda', 'random_state': 42, 'verbosity': 0}"
52,0.81410,0.133,0.499,"{'max_depth': 6, 'n_estimators': 300, 'learning_rate': 0.046142922415132924, 'subsample': 0.9650176304494139, 'colsample_bytree': 0.8313180085448915, 'tree_method': 'hist', 'device': 'cuda', 'random_state': 42, 'verbosity': 0}"
53,0.81192,0.134,0.527,"{'max_depth': 6, 'n_estimators': 300, 'learning_rate': 0.0452587340293357, 'subsample': 0.9694694535748689, 'colsample_bytree': 0.8273947976549598, 'tree_method': 'hist', 'device': 'cuda', 'random_state': 42, 'verbosity': 0}"
54,0.81341,0.244,0.504,"{'max_depth': 6, 'n_estimators': 300, 'learning_rate': 0.060001651946212646, 'subsample': 0.9879066911452837, 'colsample_bytree': 0.8842642734161832, 'tree_method': 'hist', 'device': 'cuda', 'random_state': 42, 'verbosity': 0}"
55,0.81295,0.235,0.500,"{'max_depth': 6, 'n_estimators': 300, 'learning_rate': 0.07361845542601318, 'subsample': 0.9843705219242287, 'colsample_bytree': 0.9112558578839413, 'tree_method': 'hist', 'device': 'cuda', 'random_state': 42, 'verbosity': 0}"
56,0.81215,0.246,0.498,"{'max_depth': 6, 'n_estimators': 300, 'learning_rate': 0.07413982958314135, 'subsample': 0.9370021829337349, 'colsample_bytree': 0.9388535328431471, 'tree_method': 'hist', 'device': 'cuda', 'random_state': 42, 'verbosity': 0}"
57,0.81307,0.244,0.497,"{'max_depth': 6, 'n_estimators': 300, 'learning_rate': 0.07185357613496786, 'subsample': 0.9349985200112401, 'colsample_bytree': 0.9510767783777304, 'tree_method': 'hist', 'device': 'cuda', 'random_state': 42, 'verbosity': 0}"
58,0.81226,0.276,0.492,"{'max_depth': 6, 'n_estimators': 300, 'learning_rate': 0.08653352454589212, 'subsample': 0.949707229722269, 'colsample_bytree': 0.8978113749640452, 'tree_method': 'hist', 'device': 'cuda', 'random_state': 42, 'verbosity': 0}"
59,0.81353,0.212,0.508,"{'max_depth': 6, 'n_estimators': 300, 'learning_rate': 0.058335640182514296, 'subsample': 0.9184869497283562, 'colsample_bytree': 0.955791811432098, 'tree_method': 'hist', 'device': 'cuda', 'random_state': 42, 'verbosity': 0}"
60,0.81353,0.001,0.507,"{'max_depth': 6, 'n_estimators': 300, 'learning_rate': 0.05981669202668736, 'subsample': 0.9169855064731238, 'colsample_bytree': 0.9666315995865895, 'tree_method': 'hist', 'device': 'cuda', 'random_state': 42, 'verbosity': 0}"
61,0.81341,0.004,0.507,"{'max_depth': 6, 'n_estimators': 300, 'learning_rate': 0.06059253576059392, 'subsample': 0.9151385324028574, 'colsample_bytree': 0.9692915909985137, 'tree_method': 'hist', 'device': 'cuda', 'random_state': 42, 'verbosity': 0}"
62,0.81353,0.006,0.507,"{'max_depth': 6, 'n_estimators': 300, 'learning_rate': 0.060366112915230384, 'subsample': 0.9190840825813924, 'colsample_bytree': 0.9722198828847827, 'tree_method': 'hist', 'device': 'cuda', 'random_state': 42, 'verbosity': 0}"
63,0.81410,0.032,0.508,"{'max_depth': 6, 'n_estimators': 300, 'learning_rate': 0.05995039105547914, 'subsample': 0.916540410368421, 'colsample_bytree': 0.97238324761768, 'tree_method': 'hist', 'device': 'cuda', 'random_state': 42, 'verbosity': 0}"
64,0.81353,0.008,0.511,"{'max_depth': 6, 'n_estimators': 300, 'learning_rate': 0.06272008547632697, 'subsample': 0.9157912009995066, 'colsample_bytree': 0.9759550596708555, 'tree_method': 'hist', 'device': 'cuda', 'random_state': 42, 'verbosity': 0}"
65,0.81261,0.035,0.508,"{'max_depth': 6, 'n_estimators': 300, 'learning_rate': 0.060705426055356206, 'subsample': 0.8875704951948242, 'colsample_bytree': 0.9978241351658504, 'tree_method': 'hist', 'device': 'cuda', 'random_state': 42, 'verbosity': 0}"
66,0.81019,0.032,0.465,"{'max_depth': 6, 'n_estimators': 300, 'learning_rate': 0.0628988325318158, 'subsample': 0.9177167326044796, 'colsample_bytree': 0.9804216178742857, 'tree_method': 'hist', 'device': 'cuda', 'random_state': 42, 'verbosity': 0}"
67,0.81341,0.057,0.517,"{'max_depth': 6, 'n_estimators': 300, 'learning_rate': 0.07824897939581225, 'subsample': 0.8665874968493565, 'colsample_bytree': 0.9648946767982791, 'tree_method': 'hist', 'device': 'cuda', 'random_state': 42, 'verbosity': 0}"
68,0.81123,0.139,0.471,"{'max_depth': 6, 'n_estimators': 300, 'learning_rate': 0.0586783144733357, 'subsample': 0.8854474957841304, 'colsample_bytree': 0.9844167205859646, 'tree_method': 'hist', 'device': 'cuda', 'random_state': 42, 'verbosity': 0}"
69,0.81261,0.089,0.487,"{'max_depth': 6, 'n_estimators': 500, 'learning_rate': 0.051783520626220395, 'subsample': 0.9294782190172107, 'colsample_bytree': 0.9501296328120046, 'tree_method': 'hist', 'device': 'cuda', 'random_state': 42, 'verbosity': 0}"
70,0.81261,0.005,0.510,"{'max_depth': 6, 'n_estimators': 300, 'learning_rate': 0.06718054574774332, 'subsample': 0.9068504582528022, 'colsample_bytree': 0.9218250427580276, 'tree_method': 'hist', 'device': 'cuda', 'random_state': 42, 'verbosity': 0}"
71,0.81295,0.000,0.509,"{'max_depth': 6, 'n_estimators': 300, 'learning_rate': 0.06226411139803632, 'subsample': 0.9267896935342063, 'colsample_bytree': 0.9655874957552492, 'tree_method': 'hist', 'device': 'cuda', 'random_state': 42, 'verbosity': 0}"
72,0.81422,0.042,0.503,"{'max_depth': 6, 'n_estimators': 300, 'learning_rate': 0.057644050355574475, 'subsample': 0.8939961462489225, 'colsample_bytree': 0.9674408100617421, 'tree_method': 'hist', 'device': 'cuda', 'random_state': 42, 'verbosity': 0}"
73,0.81307,0.112,0.493,"{'max_depth': 6, 'n_estimators': 300, 'learning_rate': 0.057108454546885984, 'subsample': 0.8663739805468057, 'colsample_bytree': 0.9523229843809408, 'tree_method': 'hist', 'device': 'cuda', 'random_state': 42, 'verbosity': 0}"
74,0.81410,0.053,0.522,"{'max_depth': 6, 'n_estimators': 1500, 'learning_rate': 0.06685404326970627, 'subsample': 0.8918466691040428, 'colsample_bytree': 0.985890517981822, 'tree_method': 'hist', 'device': 'cuda', 'random_state': 42, 'verbosity': 0}"
75,0.81387,0.057,0.525,"{'max_depth': 6, 'n_estimators': 1500, 'learning_rate': 0.08031761449125951, 'subsample': 0.8946857233220002, 'colsample_bytree': 0.9861208053458229, 'tree_method': 'hist', 'device': 'cuda', 'random_state': 42, 'verbosity': 0}"
76,0.81146,0.063,0.540,"{'max_depth': 6, 'n_estimators': 1500, 'learning_rate': 0.09733617311094551, 'subsample': 0.8924872641017969, 'colsample_bytree': 0.9901793542525523, 'tree_method': 'hist', 'device': 'cuda', 'random_state': 42, 'verbosity': 0}"
77,0.81203,0.147,0.524,"{'max_depth': 6, 'n_estimators': 1500, 'learning_rate': 0.06972452644803682, 'subsample': 0.8176593064363088, 'colsample_bytree': 0.9374379497218958, 'tree_method': 'hist', 'device': 'cuda', 'random_state': 42, 'verbosity': 0}"
78,0.80824,0.045,0.558,"{'max_depth': 6, 'n_estimators': 1500, 'learning_rate': 0.08262698187018507, 'subsample': 0.8502995589809589, 'colsample_bytree': 0.9593538056030038, 'tree_method': 'hist', 'device': 'cuda', 'random_state': 42, 'verbosity': 0}"
79,0.81123,0.095,0.458,"{'max_depth': 6, 'n_estimators': 1500, 'learning_rate': 0.06578278398819043, 'subsample': 0.8965825321561607, 'colsample_bytree': 0.9994200905950045, 'tree_method': 'hist', 'device': 'cuda', 'random_state': 42, 'verbosity': 0}"
80,0.81019,0.036,0.474,"{'max_depth': 6, 'n_estimators': 1500, 'learning_rate': 0.07955862751630517, 'subsample': 0.8809559830662687, 'colsample_bytree': 0.9762483337931981, 'tree_method': 'hist', 'device': 'cuda', 'random_state': 42, 'verbosity': 0}"
81,0.81376,0.083,0.516,"{'max_depth': 6, 'n_estimators': 1500, 'learning_rate': 0.011138957432293524, 'subsample': 0.9126883637504403, 'colsample_bytree': 0.9758982995771152, 'tree_method': 'hist', 'device': 'cuda', 'random_state': 42, 'verbosity': 0}"
82,0.81410,0.067,0.518,"{'max_depth': 6, 'n_estimators': 1500, 'learning_rate': 0.09077383264086683, 'subsample': 0.9067863540322626, 'colsample_bytree': 0.9876747007792419, 'tree_method': 'hist', 'device': 'cuda', 'random_state': 42, 'verbosity': 0}"
83,0.81387,0.078,0.519,"{'max_depth': 6, 'n_estimators': 1500, 'learning_rate': 0.09195812157656798, 'subsample': 0.8745613194928378, 'colsample_bytree': 0.9901156301174421, 'tree_method': 'hist', 'device': 'cuda', 'random_state': 42, 'verbosity': 0}"
84,0.81272,0.116,0.523,"{'max_depth': 6, 'n_estimators': 1500, 'learning_rate': 0.011039638339662972, 'subsample': 0.8706155170633432, 'colsample_bytree': 0.9887408414378711, 'tree_method': 'hist', 'device': 'cuda', 'random_state': 42, 'verbosity': 0}"
85,0.81468,0.160,0.517,"{'max_depth': 6, 'n_estimators': 1500, 'learning_rate': 0.09066431899321757, 'subsample': 0.905627889155996, 'colsample_bytree': 0.9427241101311926, 'tree_method': 'hist', 'device': 'cuda', 'random_state': 42, 'verbosity': 0}"
86,0.81169,0.156,0.546,"{'max_depth': 6, 'n_estimators': 1500, 'learning_rate': 0.09182176345046972, 'subsample': 0.8612533025926948, 'colsample_bytree': 0.9863458450828015, 'tree_method': 'hist', 'device': 'cuda', 'random_state': 42, 'verbosity': 0}"
87,0.81364,0.074,0.517,"{'max_depth': 6, 'n_estimators': 1500, 'learning_rate': 0.09995520700762289, 'subsample': 0.9055872542390813, 'colsample_bytree': 0.9237438473110869, 'tree_method': 'hist', 'device': 'cuda', 'random_state': 42, 'verbosity': 0}"
88,0.81422,0.093,0.529,"{'max_depth': 6, 'n_estimators': 1500, 'learning_rate': 0.08749531860713093, 'subsample': 0.8777405028136632, 'colsample_bytree': 0.941250447955041, 'tree_method': 'hist', 'device': 'cuda', 'random_state': 42, 'verbosity': 0}"
89,0.81134,0.116,0.551,"{'max_depth': 6, 'n_estimators': 1500, 'learning_rate': 0.09440319018630772, 'subsample': 0.7952306295382168, 'colsample_bytree': 0.9447249479106661, 'tree_method': 'hist', 'device': 'cuda', 'random_state': 42, 'verbosity': 0}"
90,0.81272,0.168,0.530,"{'max_depth': 6, 'n_estimators': 1500, 'learning_rate': 0.08783215509005839, 'subsample': 0.8778869395555529, 'colsample_bytree': 0.8587473368718903, 'tree_method': 'hist', 'device': 'cuda', 'random_state': 42, 'verbosity': 0}"
91,0.81330,0.090,0.516,"{'max_depth': 6, 'n_estimators': 1500, 'learning_rate': 0.08153744915512559, 'subsample': 0.8482426083561324, 'colsample_bytree': 0.9941517115224693, 'tree_method': 'hist', 'device': 'cuda', 'random_state': 42, 'verbosity': 0}"
92,0.81180,0.037,0.540,"{'max_depth': 6, 'n_estimators': 1500, 'learning_rate': 0.09029679869954804, 'subsample': 0.8963820722764849, 'colsample_bytree': 0.9803774697537923, 'tree_method': 'hist', 'device': 'cuda', 'random_state': 42, 'verbosity': 0}"
93,0.81261,0.074,0.489,"{'max_depth': 6, 'n_estimators': 1500, 'learning_rate': 0.07712736598582944, 'subsample': 0.8403457073554222, 'colsample_bytree': 0.9604078456566301, 'tree_method': 'hist', 'device': 'cuda', 'random_state': 42, 'verbosity': 0}"
94,0.81376,0.153,0.523,"{'max_depth': 6, 'n_estimators': 1500, 'learning_rate': 0.0850095293233774, 'subsample': 0.8824510860994322, 'colsample_bytree': 0.9329995213319012, 'tree_method': 'hist', 'device': 'cuda', 'random_state': 42, 'verbosity': 0}"
95,0.81341,0.054,0.498,"{'max_depth': 6, 'n_estimators': 1500, 'learning_rate': 0.016669167660171458, 'subsample': 0.9019341825628184, 'colsample_bytree': 0.9143520437720039, 'tree_method': 'hist', 'device': 'cuda', 'random_state': 42, 'verbosity': 0}"
96,0.81065,0.104,0.533,"{'max_depth': 6, 'n_estimators': 1500, 'learning_rate': 0.02336600419316883, 'subsample': 0.9096164165473472, 'colsample_bytree': 0.9438489932071122, 'tree_method': 'hist', 'device': 'cuda', 'random_state': 42, 'verbosity': 0}"
97,0.80893,0.210,0.568,"{'max_depth': 6, 'n_estimators': 1500, 'learning_rate': 0.09137460993078893, 'subsample': 0.7738237206655616, 'colsample_bytree': 0.97510569960646, 'tree_method': 'hist', 'device': 'cuda', 'random_state': 42, 'verbosity': 0}"
98,0.81341,0.026,0.515,"{'max_depth': 6, 'n_estimators': 1500, 'learning_rate': 0.013181124420497643, 'subsample': 0.8591877199590525, 'colsample_bytree': 0.9904668223612225, 'tree_method': 'hist', 'device': 'cuda', 'random_state': 42, 'verbosity': 0}"
99,0.80479,0.076,0.579,"{'max_depth': 6, 'n_estimators': 500, 'learning_rate': 0.07160517788747338, 'subsample': 0.9601531240040707, 'colsample_bytree': 0.9023413469838495, 'tree_method': 'hist', 'device': 'cuda', 'random_state': 42, 'verbosity': 0}"
100,0.81249,0.130,0.527,"{'max_depth': 6, 'n_estimators': 1500, 'learning_rate': 0.08324593753456344, 'subsample': 0.9405400880741256, 'colsample_bytree': 0.9597331697193378, 'tree_method': 'hist', 'device': 'cuda', 'random_state': 42, 'verbosity': 0}"
101,0.81376,0.155,0.523,"{'max_depth': 6, 'n_estimators': 1500, 'learning_rate': 0.08742714487236038, 'subsample': 0.8830287552961896, 'colsample_bytree': 0.9304261320041043, 'tree_method': 'hist', 'device': 'cuda', 'random_state': 42, 'verbosity': 0}"
102,0.81284,0.095,0.501,"{'max_depth': 6, 'n_estimators': 1500, 'learning_rate': 0.0753951465829148, 'subsample': 0.8733040581911893, 'colsample_bytree': 0.9384836403359947, 'tree_method': 'hist', 'device': 'cuda', 'random_state': 42, 'verbosity': 0}"
103,0.81134,0.027,0.542,"{'max_depth': 6, 'n_estimators': 1500, 'learning_rate': 0.010048185677391725, 'subsample': 0.891953042695167, 'colsample_bytree': 0.9702471573910975, 'tree_method': 'hist', 'device': 'cuda', 'random_state': 42, 'verbosity': 0}"
104,0.81433,0.182,0.535,"{'max_depth': 6, 'n_estimators': 1500, 'learning_rate': 0.09434087350893473, 'subsample': 0.8900294253186907, 'colsample_bytree': 0.9853166968215429, 'tree_method': 'hist', 'device': 'cuda', 'random_state': 42, 'verbosity': 0}"
105,0.81387,0.188,0.536,"{'max_depth': 6, 'n_estimators': 1500, 'learning_rate': 0.09545792250816576, 'subsample': 0.8296123865076104, 'colsample_bytree': 0.9986205908102264, 'tree_method': 'hist', 'device': 'cuda', 'random_state': 42, 'verbosity': 0}"
106,0.81065,0.268,0.551,"{'max_depth': 6, 'n_estimators': 1500, 'learning_rate': 0.09481053200911105, 'subsample': 0.8184622625539695, 'colsample_bytree': 0.9999775384147068, 'tree_method': 'hist', 'device': 'cuda', 'random_state': 42, 'verbosity': 0}"
107,0.81226,0.317,0.535,"{'max_depth': 6, 'n_estimators': 1500, 'learning_rate': 0.09985137780634025, 'subsample': 0.897183860646818, 'colsample_bytree': 0.9820556840072917, 'tree_method': 'hist', 'device': 'cuda', 'random_state': 42, 'verbosity': 0}"
108,0.81019,0.185,0.555,"{'max_depth': 6, 'n_estimators': 1500, 'learning_rate': 0.0811356699331559, 'subsample': 0.8356866496153356, 'colsample_bytree': 0.991577636064166, 'tree_method': 'hist', 'device': 'cuda', 'random_state': 42, 'verbosity': 0}"
109,0.81249,0.222,0.494,"{'max_depth': 6, 'n_estimators': 1500, 'learning_rate': 0.09216284023810611, 'subsample': 0.9276639915617693, 'colsample_bytree': 0.9462204963483215, 'tree_method': 'hist', 'device': 'cuda', 'random_state': 42, 'verbosity': 0}"
110,0.81215,0.121,0.530,"{'max_depth': 3, 'n_estimators': 500, 'learning_rate': 0.08874199633295893, 'subsample': 0.8737984360272183, 'colsample_bytree': 0.9841864071013849, 'tree_method': 'hist', 'device': 'cuda', 'random_state': 42, 'verbosity': 0}"
111,0.81341,0.057,0.515,"{'max_depth': 6, 'n_estimators': 1500, 'learning_rate': 0.07643234436945298, 'subsample': 0.8911792806847383, 'colsample_bytree': 0.9686931558793295, 'tree_method': 'hist', 'device': 'cuda', 'random_state': 42, 'verbosity': 0}"
112,0.81284,0.079,0.503,"{'max_depth': 6, 'n_estimators': 1500, 'learning_rate': 0.08466528363960879, 'subsample': 0.9040490026194831, 'colsample_bytree': 0.9754312820710859, 'tree_method': 'hist', 'device': 'cuda', 'random_state': 42, 'verbosity': 0}"
113,0.81353,0.137,0.543,"{'max_depth': 6, 'n_estimators': 1500, 'learning_rate': 0.09604004003741104, 'subsample': 0.9103794085075445, 'colsample_bytree': 0.9550184900282805, 'tree_method': 'hist', 'device': 'cuda', 'random_state': 42, 'verbosity': 0}"
114,0.81295,0.172,0.537,"{'max_depth': 6, 'n_estimators': 1500, 'learning_rate': 0.07048096011844365, 'subsample': 0.8250189489994819, 'colsample_bytree': 0.9992802748867168, 'tree_method': 'hist', 'device': 'cuda', 'random_state': 42, 'verbosity': 0}"
115,0.81456,0.198,0.520,"{'max_depth': 6, 'n_estimators': 1500, 'learning_rate': 0.07996881264313466, 'subsample': 0.865051463108748, 'colsample_bytree': 0.964570494325671, 'tree_method': 'hist', 'device': 'cuda', 'random_state': 42, 'verbosity': 0}"
116,0.81433,0.205,0.524,"{'max_depth': 6, 'n_estimators': 1500, 'learning_rate': 0.07980074289469756, 'subsample': 0.8618418365589402, 'colsample_bytree': 0.9585318058186375, 'tree_method': 'hist', 'device': 'cuda', 'random_state': 42, 'verbosity': 0}"
117,0.81422,0.024,0.527,"{'max_depth': 6, 'n_estimators': 1000, 'learning_rate': 0.07447675277660634, 'subsample': 0.8594654343757291, 'colsample_bytree': 0.9607851186600677, 'tree_method': 'hist', 'device': 'cuda', 'random_state': 42, 'verbosity': 0}"
118,0.81456,0.024,0.512,"{'max_depth': 6, 'n_estimators': 1500, 'learning_rate': 0.06526319461787068, 'subsample': 0.8660053729011506, 'colsample_bytree': 0.96409633831825, 'tree_method': 'hist', 'device': 'cuda', 'random_state': 42, 'verbosity': 0}"
119,0.80421,0.978,0.486,"{'max_depth': 6, 'n_estimators': 1000, 'learning_rate': 0.06650164472839876, 'subsample': 0.8642747920286588, 'colsample_bytree': 0.9635318728645877, 'tree_method': 'hist', 'device': 'cuda', 'random_state': 42, 'verbosity': 0}"
120,0.81479,0.022,0.526,"{'max_depth': 6, 'n_estimators': 1000, 'learning_rate': 0.07443688108314056, 'subsample': 0.8465647702696703, 'colsample_bytree': 0.9243595702628727, 'tree_method': 'hist', 'device': 'cuda', 'random_state': 42, 'verbosity': 0}"
121,0.81399,0.026,0.529,"{'max_depth': 6, 'n_estimators': 1000, 'learning_rate': 0.07314708286752812, 'subsample': 0.8868370798354962, 'colsample_bytree': 0.9512577500752688, 'tree_method': 'hist', 'device': 'cuda', 'random_state': 42, 'verbosity': 0}"
122,0.81330,0.021,0.504,"{'max_depth': 6, 'n_estimators': 1000, 'learning_rate': 0.06443386251924249, 'subsample': 0.8054295670274635, 'colsample_bytree': 0.9557930165177421, 'tree_method': 'hist', 'device': 'cuda', 'random_state': 42, 'verbosity': 0}"
123,0.81341,0.055,0.514,"{'max_depth': 6, 'n_estimators': 1000, 'learning_rate': 0.06940692330329733, 'subsample': 0.8536142990706259, 'colsample_bytree': 0.9263191136119081, 'tree_method': 'hist', 'device': 'cuda', 'random_state': 42, 'verbosity': 0}"
124,0.81169,0.108,0.522,"{'max_depth': 6, 'n_estimators': 1000, 'learning_rate': 0.05255566115699381, 'subsample': 0.8489055716403844, 'colsample_bytree': 0.9440215678178967, 'tree_method': 'hist', 'device': 'cuda', 'random_state': 42, 'verbosity': 0}"
125,0.81157,0.203,0.495,"{'max_depth': 6, 'n_estimators': 1000, 'learning_rate': 0.07485971614420932, 'subsample': 0.8450048374288907, 'colsample_bytree': 0.9634232629878234, 'tree_method': 'hist', 'device': 'cuda', 'random_state': 42, 'verbosity': 0}"
126,0.81387,0.042,0.513,"{'max_depth': 6, 'n_estimators': 1000, 'learning_rate': 0.07852840922994574, 'subsample': 0.8626241214150798, 'colsample_bytree': 0.9368980888074756, 'tree_method': 'hist', 'device': 'cuda', 'random_state': 42, 'verbosity': 0}"
127,0.81157,0.139,0.527,"{'max_depth': 6, 'n_estimators': 1000, 'learning_rate': 0.05622046566636803, 'subsample': 0.858688556106445, 'colsample_bytree': 0.9149735364064359, 'tree_method': 'hist', 'device': 'cuda', 'random_state': 42, 'verbosity': 0}"
128,0.81387,0.018,0.501,"{'max_depth': 6, 'n_estimators': 1000, 'learning_rate': 0.06677710924315257, 'subsample': 0.8783654755115593, 'colsample_bytree': 0.9698634032437321, 'tree_method': 'hist', 'device': 'cuda', 'random_state': 42, 'verbosity': 0}"
129,0.81387,0.055,0.512,"{'max_depth': 6, 'n_estimators': 1500, 'learning_rate': 0.0854752062738658, 'subsample': 0.8435060560863662, 'colsample_bytree': 0.9564369282534697, 'tree_method': 'hist', 'device': 'cuda', 'random_state': 42, 'verbosity': 0}"
130,0.81203,0.112,0.521,"{'max_depth': 3, 'n_estimators': 1500, 'learning_rate': 0.07267356869422656, 'subsample': 0.8859428305436098, 'colsample_bytree': 0.9490093711018662, 'tree_method': 'hist', 'device': 'cuda', 'random_state': 42, 'verbosity': 0}"
131,0.81341,0.025,0.530,"{'max_depth': 6, 'n_estimators': 1000, 'learning_rate': 0.07272515894465875, 'subsample': 0.8706717272110032, 'colsample_bytree': 0.9503645714084933, 'tree_method': 'hist', 'device': 'cuda', 'random_state': 42, 'verbosity': 0}"
132,0.81180,0.042,0.535,"{'max_depth': 6, 'n_estimators': 1000, 'learning_rate': 0.08062085503163961, 'subsample': 0.8862776987227496, 'colsample_bytree': 0.8699038673021791, 'tree_method': 'hist', 'device': 'cuda', 'random_state': 42, 'verbosity': 0}"
133,0.81468,0.000,0.527,"{'max_depth': 6, 'n_estimators': 1000, 'learning_rate': 0.06872378195885802, 'subsample': 0.8553587502221196, 'colsample_bytree': 0.9791705161975713, 'tree_method': 'hist', 'device': 'cuda', 'random_state': 42, 'verbosity': 0}"
134,0.81261,0.070,0.509,"{'max_depth': 6, 'n_estimators': 1000, 'learning_rate': 0.06435260973733273, 'subsample': 0.8529378899128341, 'colsample_bytree': 0.9775399518602131, 'tree_method': 'hist', 'device': 'cuda', 'random_state': 42, 'verbosity': 0}"
135,0.81054,0.000,0.547,"{'max_depth': 6, 'n_estimators': 500, 'learning_rate': 0.06854213464402735, 'subsample': 0.8678439014395335, 'colsample_bytree': 0.9641908754920009, 'tree_method': 'hist', 'device': 'cuda', 'random_state': 42, 'verbosity': 0}"
136,0.81169,0.101,0.520,"{'max_depth': 6, 'n_estimators': 1000, 'learning_rate': 0.08803412138553977, 'subsample': 0.8296716031821816, 'colsample_bytree': 0.9839276620059989, 'tree_method': 'hist', 'device': 'cuda', 'random_state': 42, 'verbosity': 0}"
137,0.81502,0.045,0.505,"{'max_depth': 6, 'n_estimators': 1500, 'learning_rate': 0.048231021565447244, 'subsample': 0.8594701494535045, 'colsample_bytree': 0.9692710574997248, 'tree_method': 'hist', 'device': 'cuda', 'random_state': 42, 'verbosity': 0}"
138,0.81203,0.044,0.489,"{'max_depth': 6, 'n_estimators': 300, 'learning_rate': 0.049678560930446355, 'subsample': 0.8566727584840528, 'colsample_bytree': 0.9055094670712582, 'tree_method': 'hist', 'device': 'cuda', 'random_state': 42, 'verbosity': 0}"
139,0.81123,0.019,0.477,"{'max_depth': 6, 'n_estimators': 1500, 'learning_rate': 0.03694120812997536, 'subsample': 0.83883344011514, 'colsample_bytree': 0.9304731230331523, 'tree_method': 'hist', 'device': 'cuda', 'random_state': 42, 'verbosity': 0}"
140,0.79834,0.168,0.638,"{'max_depth': 6, 'n_estimators': 1500, 'learning_rate': 0.044272845522099355, 'subsample': 0.8669504143982243, 'colsample_bytree': 0.8909161716311271, 'tree_method': 'hist', 'device': 'cuda', 'random_state': 42, 'verbosity': 0}"
141,0.81249,0.087,0.506,"{'max_depth': 6, 'n_estimators': 1500, 'learning_rate': 0.07700008872265592, 'subsample': 0.8751677836799686, 'colsample_bytree': 0.9741948755950837, 'tree_method': 'hist', 'device': 'cuda', 'random_state': 42, 'verbosity': 0}"
142,0.81295,0.061,0.525,"{'max_depth': 6, 'n_estimators': 1500, 'learning_rate': 0.054490027463021284, 'subsample': 0.898169571161296, 'colsample_bytree': 0.9614985211256385, 'tree_method': 'hist', 'device': 'cuda', 'random_state': 42, 'verbosity': 0}"
143,0.81433,0.039,0.511,"{'max_depth': 6, 'n_estimators': 1500, 'learning_rate': 0.06325281731870598, 'subsample': 0.8785480104971717, 'colsample_bytree': 0.9408433464751449, 'tree_method': 'hist', 'device': 'cuda', 'random_state': 42, 'verbosity': 0}"
144,0.81307,0.041,0.499,"{'max_depth': 6, 'n_estimators': 1500, 'learning_rate': 0.06251783323333983, 'subsample': 0.8801587976344301, 'colsample_bytree': 0.9419482522263835, 'tree_method': 'hist', 'device': 'cuda', 'random_state': 42, 'verbosity': 0}"
145,0.81307,0.002,0.511,"{'max_depth': 6, 'n_estimators': 1500, 'learning_rate': 0.056917308579132624, 'subsample': 0.8582996232103519, 'colsample_bytree': 0.9166957162565033, 'tree_method': 'hist', 'device': 'cuda', 'random_state': 42, 'verbosity': 0}"
146,0.81123,0.022,0.541,"{'max_depth': 6, 'n_estimators': 300, 'learning_rate': 0.0655408289105482, 'subsample': 0.8663783842763336, 'colsample_bytree': 0.9702072537849683, 'tree_method': 'hist', 'device': 'cuda', 'random_state': 42, 'verbosity': 0}"
147,0.80835,0.124,0.404,"{'max_depth': 6, 'n_estimators': 1500, 'learning_rate': 0.047714442549962335, 'subsample': 0.846940591120568, 'colsample_bytree': 0.8456162445346456, 'tree_method': 'hist', 'device': 'cuda', 'random_state': 42, 'verbosity': 0}"
148,0.81307,0.092,0.494,"{'max_depth': 6, 'n_estimators': 1000, 'learning_rate': 0.06983830932165815, 'subsample': 0.8793567395438064, 'colsample_bytree': 0.8217276521600526, 'tree_method': 'hist', 'device': 'cuda', 'random_state': 42, 'verbosity': 0}"
149,0.81215,0.228,0.533,"{'max_depth': 6, 'n_estimators': 1500, 'learning_rate': 0.05845030406598819, 'subsample': 0.8893910298968503, 'colsample_bytree': 0.9232782876488747, 'tree_method': 'hist', 'device': 'cuda', 'random_state': 42, 'verbosity': 0}"
150,0.81399,0.037,0.502,"{'max_depth': 6, 'n_estimators': 300, 'learning_rate': 0.051938494127177326, 'subsample': 0.6712592151709854, 'colsample_bytree': 0.9357925625114426, 'tree_method': 'hist', 'device': 'cuda', 'random_state': 42, 'verbosity': 0}"
151,0.81456,0.070,0.522,"{'max_depth': 6, 'n_estimators': 1500, 'learning_rate': 0.08367367959852043, 'subsample': 0.9230984097391893, 'colsample_bytree': 0.9810286451789451, 'tree_method': 'hist', 'device': 'cuda', 'random_state': 42, 'verbosity': 0}"
152,0.81468,0.068,0.524,"{'max_depth': 6, 'n_estimators': 1500, 'learning_rate': 0.08284898791706316, 'subsample': 0.9272243460361967, 'colsample_bytree': 0.977259469992024, 'tree_method': 'hist', 'device': 'cuda', 'random_state': 42, 'verbosity': 0}"
153,0.81410,0.069,0.528,"{'max_depth': 6, 'n_estimators': 1500, 'learning_rate': 0.08125015621666334, 'subsample': 0.9326409233827776, 'colsample_bytree': 0.9604978366447567, 'tree_method': 'hist', 'device': 'cuda', 'random_state': 42, 'verbosity': 0}"
154,0.81215,0.153,0.511,"{'max_depth': 6, 'n_estimators': 1500, 'learning_rate': 0.08387441509671457, 'subsample': 0.9461913336609377, 'colsample_bytree': 0.9785272517320421, 'tree_method': 'hist', 'device': 'cuda', 'random_state': 42, 'verbosity': 0}"
155,0.81353,0.020,0.519,"{'max_depth': 6, 'n_estimators': 1500, 'learning_rate': 0.07586034603723717, 'subsample': 0.9228866005955518, 'colsample_bytree': 0.9553259353973118, 'tree_method': 'hist', 'device': 'cuda', 'random_state': 42, 'verbosity': 0}"
156,0.81353,0.092,0.525,"{'max_depth': 6, 'n_estimators': 1500, 'learning_rate': 0.07906497883323017, 'subsample': 0.7254997097952857, 'colsample_bytree': 0.9670360789006869, 'tree_method': 'hist', 'device': 'cuda', 'random_state': 42, 'verbosity': 0}"
157,0.81376,0.049,0.506,"{'max_depth': 3, 'n_estimators': 1500, 'learning_rate': 0.08594738748783359, 'subsample': 0.92240576941478, 'colsample_bytree': 0.947210436177686, 'tree_method': 'hist', 'device': 'cuda', 'random_state': 42, 'verbosity': 0}"
158,0.81123,0.128,0.536,"{'max_depth': 6, 'n_estimators': 500, 'learning_rate': 0.060958262209068866, 'subsample': 0.9669990919676705, 'colsample_bytree': 0.9741648885219407, 'tree_method': 'hist', 'device': 'cuda', 'random_state': 42, 'verbosity': 0}"
159,0.81249,0.193,0.516,"{'max_depth': 6, 'n_estimators': 300, 'learning_rate': 0.07498990921035707, 'subsample': 0.6165706544546552, 'colsample_bytree': 0.9425796532034033, 'tree_method': 'hist', 'device': 'cuda', 'random_state': 42, 'verbosity': 0}"
160,0.81318,0.000,0.513,"{'max_depth': 6, 'n_estimators': 1500, 'learning_rate': 0.06914321044013347, 'subsample': 0.9095198573638622, 'colsample_bytree': 0.8345600375453197, 'tree_method': 'hist', 'device': 'cuda', 'random_state': 42, 'verbosity': 0}"
161,0.81422,0.063,0.522,"{'max_depth': 6, 'n_estimators': 1500, 'learning_rate': 0.0722448882483973, 'subsample': 0.9042090591893179, 'colsample_bytree': 0.9802592743821245, 'tree_method': 'hist', 'device': 'cuda', 'random_state': 42, 'verbosity': 0}"
162,0.81410,0.064,0.522,"{'max_depth': 6, 'n_estimators': 1500, 'learning_rate': 0.08241224889620226, 'subsample': 0.9352080042041623, 'colsample_bytree': 0.9812830520533389, 'tree_method': 'hist', 'device': 'cuda', 'random_state': 42, 'verbosity': 0}"
163,0.81157,0.033,0.543,"{'max_depth': 6, 'n_estimators': 1500, 'learning_rate': 0.0778372036420831, 'subsample': 0.89796773383617, 'colsample_bytree': 0.9688054996414333, 'tree_method': 'hist', 'device': 'cuda', 'random_state': 42, 'verbosity': 0}"
164,0.81261,0.084,0.529,"{'max_depth': 6, 'n_estimators': 1500, 'learning_rate': 0.07081556781010222, 'subsample': 0.9533204691030673, 'colsample_bytree': 0.9587427259400316, 'tree_method': 'hist', 'device': 'cuda', 'random_state': 42, 'verbosity': 0}"
165,0.81169,0.109,0.503,"{'max_depth': 6, 'n_estimators': 1000, 'learning_rate': 0.08922179331864592, 'subsample': 0.8726621969364479, 'colsample_bytree': 0.9913598674585918, 'tree_method': 'hist', 'device': 'cuda', 'random_state': 42, 'verbosity': 0}"
166,0.81479,0.047,0.517,"{'max_depth': 6, 'n_estimators': 1500, 'learning_rate': 0.07354672699092894, 'subsample': 0.9114845578243358, 'colsample_bytree': 0.9526494950324241, 'tree_method': 'hist', 'device': 'cuda', 'random_state': 42, 'verbosity': 0}"
167,0.81284,0.264,0.519,"{'max_depth': 6, 'n_estimators': 1500, 'learning_rate': 0.07309250082546687, 'subsample': 0.9039059948546848, 'colsample_bytree': 0.9502099014493296, 'tree_method': 'hist', 'device': 'cuda', 'random_state': 42, 'verbosity': 0}"
168,0.81295,0.072,0.532,"{'max_depth': 6, 'n_estimators': 1500, 'learning_rate': 0.07931620939243925, 'subsample': 0.8623726699891637, 'colsample_bytree': 0.9326378700241181, 'tree_method': 'hist', 'device': 'cuda', 'random_state': 42, 'verbosity': 0}"
169,0.81180,0.045,0.539,"{'max_depth': 6, 'n_estimators': 1500, 'learning_rate': 0.08467215204292981, 'subsample': 0.8857466618134477, 'colsample_bytree': 0.9575790070614548, 'tree_method': 'hist', 'device': 'cuda', 'random_state': 42, 'verbosity': 0}"
170,0.81318,0.393,0.525,"{'max_depth': 6, 'n_estimators': 1500, 'learning_rate': 0.0632954083102824, 'subsample': 0.8506912760780075, 'colsample_bytree': 0.9645471217643989, 'tree_method': 'hist', 'device': 'cuda', 'random_state': 42, 'verbosity': 0}"
171,0.81387,0.021,0.513,"{'max_depth': 6, 'n_estimators': 1500, 'learning_rate': 0.0660923831006583, 'subsample': 0.9116536364416363, 'colsample_bytree': 0.9778071111833181, 'tree_method': 'hist', 'device': 'cuda', 'random_state': 42, 'verbosity': 0}"
172,0.81376,0.050,0.509,"{'max_depth': 6, 'n_estimators': 1500, 'learning_rate': 0.07388264170179717, 'subsample': 0.9228782658481949, 'colsample_bytree': 0.9703095131575006, 'tree_method': 'hist', 'device': 'cuda', 'random_state': 42, 'verbosity': 0}"
173,0.81364,0.017,0.520,"{'max_depth': 6, 'n_estimators': 300, 'learning_rate': 0.06828135519182797, 'subsample': 0.9167892569210554, 'colsample_bytree': 0.9833352097442801, 'tree_method': 'hist', 'device': 'cuda', 'random_state': 42, 'verbosity': 0}"
174,0.81238,0.073,0.498,"{'max_depth': 6, 'n_estimators': 1500, 'learning_rate': 0.09168130699435299, 'subsample': 0.9042099322353516, 'colsample_bytree': 0.9530306662502557, 'tree_method': 'hist', 'device': 'cuda', 'random_state': 42, 'verbosity': 0}"
175,0.81376,0.033,0.528,"{'max_depth': 6, 'n_estimators': 1000, 'learning_rate': 0.07676442130110436, 'subsample': 0.893277026936533, 'colsample_bytree': 0.9454759178336118, 'tree_method': 'hist', 'device': 'cuda', 'random_state': 42, 'verbosity': 0}"
176,0.81180,0.099,0.516,"{'max_depth': 6, 'n_estimators': 1500, 'learning_rate': 0.07150616408522675, 'subsample': 0.8706569961246307, 'colsample_bytree': 0.8048047204195081, 'tree_method': 'hist', 'device': 'cuda', 'random_state': 42, 'verbosity': 0}"
177,0.81226,0.142,0.509,"{'max_depth': 6, 'n_estimators': 1500, 'learning_rate': 0.08797171552058522, 'subsample': 0.9285821835480341, 'colsample_bytree': 0.9917171756156792, 'tree_method': 'hist', 'device': 'cuda', 'random_state': 42, 'verbosity': 0}"
178,0.81364,0.060,0.492,"{'max_depth': 6, 'n_estimators': 300, 'learning_rate': 0.08206802861939456, 'subsample': 0.9433308148977059, 'colsample_bytree': 0.9656286749035469, 'tree_method': 'hist', 'device': 'cuda', 'random_state': 42, 'verbosity': 0}"
179,0.81169,0.014,0.483,"{'max_depth': 6, 'n_estimators': 1000, 'learning_rate': 0.02897498510090824, 'subsample': 0.8793981497226097, 'colsample_bytree': 0.9754096821250705, 'tree_method': 'hist', 'device': 'cuda', 'random_state': 42, 'verbosity': 0}"
180,0.81445,0.209,0.534,"{'max_depth': 6, 'n_estimators': 1500, 'learning_rate': 0.09658029461864129, 'subsample': 0.8575403133287509, 'colsample_bytree': 0.9376100175897287, 'tree_method': 'hist', 'device': 'cuda', 'random_state': 42, 'verbosity': 0}"
181,0.81215,0.210,0.535,"{'max_depth': 6, 'n_estimators': 1500, 'learning_rate': 0.0937210875275556, 'subsample': 0.8584295287634316, 'colsample_bytree': 0.9375841989578835, 'tree_method': 'hist', 'device': 'cuda', 'random_state': 42, 'verbosity': 0}"
182,0.81364,0.179,0.524,"{'max_depth': 6, 'n_estimators': 1500, 'learning_rate': 0.09800475755397896, 'subsample': 0.8447145366548812, 'colsample_bytree': 0.92846093876971, 'tree_method': 'hist', 'device': 'cuda', 'random_state': 42, 'verbosity': 0}"
183,0.81399,0.158,0.531,"{'max_depth': 6, 'n_estimators': 1500, 'learning_rate': 0.08868441680199271, 'subsample': 0.8591847849680325, 'colsample_bytree': 0.9561913660345672, 'tree_method': 'hist', 'device': 'cuda', 'random_state': 42, 'verbosity': 0}"
184,0.80927,0.045,0.549,"{'max_depth': 6, 'n_estimators': 1500, 'learning_rate': 0.06280207643216072, 'subsample': 0.8335055296973864, 'colsample_bytree': 0.8567703950893486, 'tree_method': 'hist', 'device': 'cuda', 'random_state': 42, 'verbosity': 0}"
185,0.81594,0.219,0.518,"{'max_depth': 6, 'n_estimators': 1500, 'learning_rate': 0.09507136341937096, 'subsample': 0.8991855867130062, 'colsample_bytree': 0.9438034955575809, 'tree_method': 'hist', 'device': 'cuda', 'random_state': 42, 'verbosity': 0}"
186,0.81502,0.246,0.518,"{'max_depth': 6, 'n_estimators': 1500, 'learning_rate': 0.0931404029603305, 'subsample': 0.8995074125141114, 'colsample_bytree': 0.9359325719313459, 'tree_method': 'hist', 'device': 'cuda', 'random_state': 42, 'verbosity': 0}"
187,0.81433,0.248,0.518,"{'max_depth': 6, 'n_estimators': 1500, 'learning_rate': 0.09701348209293312, 'subsample': 0.9025206702678816, 'colsample_bytree': 0.9471994922681529, 'tree_method': 'hist', 'device': 'cuda', 'random_state': 42, 'verbosity': 0}"
188,0.80962,0.300,0.516,"{'max_depth': 3, 'n_estimators': 1500, 'learning_rate': 0.09827432546413276, 'subsample': 0.8976644615930967, 'colsample_bytree': 0.9215288441694443, 'tree_method': 'hist', 'device': 'cuda', 'random_state': 42, 'verbosity': 0}"
189,0.81330,0.248,0.538,"{'max_depth': 6, 'n_estimators': 1500, 'learning_rate': 0.0939898752615037, 'subsample': 0.8851303107165965, 'colsample_bytree': 0.94055879506055, 'tree_method': 'hist', 'device': 'cuda', 'random_state': 42, 'verbosity': 0}"
190,0.81261,0.227,0.528,"{'max_depth': 5, 'n_estimators': 1500, 'learning_rate': 0.09578875989521136, 'subsample': 0.8694459578070814, 'colsample_bytree': 0.933049834880412, 'tree_method': 'hist', 'device': 'cuda', 'random_state': 42, 'verbosity': 0}"
191,0.81663,0.212,0.521,"{'max_depth': 6, 'n_estimators': 1500, 'learning_rate': 0.09948882346115807, 'subsample': 0.9006595944861581, 'colsample_bytree': 0.9461506477972902, 'tree_method': 'hist', 'device': 'cuda', 'random_state': 42, 'verbosity': 0}"
192,0.81410,0.208,0.519,"{'max_depth': 6, 'n_estimators': 1500, 'learning_rate': 0.09951393282300076, 'subsample': 0.8933421849639961, 'colsample_bytree': 0.9458951089362333, 'tree_method': 'hist', 'device': 'cuda', 'random_state': 42, 'verbosity': 0}"
193,0.81353,0.292,0.524,"{'max_depth': 6, 'n_estimators': 1500, 'learning_rate': 0.09063084027740474, 'subsample': 0.9134617085511181, 'colsample_bytree': 0.9510065395922055, 'tree_method': 'hist', 'device': 'cuda', 'random_state': 42, 'verbosity': 0}"
194,0.81399,0.265,0.513,"{'max_depth': 6, 'n_estimators': 1500, 'learning_rate': 0.09379821821816121, 'subsample': 0.8767351187507517, 'colsample_bytree': 0.9352253677106492, 'tree_method': 'hist', 'device': 'cuda', 'random_state': 42, 'verbosity': 0}"
195,0.81445,0.235,0.519,"{'max_depth': 6, 'n_estimators': 1500, 'learning_rate': 0.08745100864420345, 'subsample': 0.8999143425223181, 'colsample_bytree': 0.9262932521305348, 'tree_method': 'hist', 'device': 'cuda', 'random_state': 42, 'verbosity': 0}"
196,0.81399,0.245,0.518,"{'max_depth': 6, 'n_estimators': 1500, 'learning_rate': 0.08813535927600623, 'subsample': 0.9076820281302393, 'colsample_bytree': 0.9200445083641742, 'tree_method': 'hist', 'device': 'cuda', 'random_state': 42, 'verbosity': 0}"
197,0.81399,0.217,0.506,"{'max_depth': 6, 'n_estimators': 1500, 'learning_rate': 0.09993606356345101, 'subsample': 0.6001994602202979, 'colsample_bytree': 0.9300273348405067, 'tree_method': 'hist', 'device': 'cuda', 'random_state': 42, 'verbosity': 0}"
198,0.81180,0.352,0.532,"{'max_depth': 6, 'n_estimators': 1500, 'learning_rate': 0.09349688786151485, 'subsample': 0.9004665969639457, 'colsample_bytree': 0.9425788226929794, 'tree_method': 'hist', 'device': 'cuda', 'random_state': 42, 'verbosity': 0}"
199,0.81318,0.232,0.520,"{'max_depth': 6, 'n_estimators': 1500, 'learning_rate': 0.08467966683099876, 'subsample': 0.8910245769032142, 'colsample_bytree': 0.9107400318314467, 'tree_method': 'hist', 'device': 'cuda', 'random_state': 42, 'verbosity': 0}"
